Date,India_PMI
2021-04-19,58.488675898738414
2021-04-20,55.58713512766206
2021-04-22,56.74032239686226
2021-04-23,58.52304863117248
2021-04-26,55.0868659775892
2021-04-27,58.384148106509805
2021-04-28,58.235874054795374
2021-04-29,55.46291048146223
2021-04-30,57.16074170621856
2021-05-03,58.04739800021665
2021-05-04,55.73244525016677
2021-05-05,55.83134371576275
2021-05-06,55.587904062180264
2021-05-07,57.800106710347066
2021-05-10,55.36832314613181
2021-05-11,57.37964914067558
2021-05-12,55.28405529635235
2021-05-14,55.77297384615586
2021-05-17,57.362752261989954
2021-05-18,55.41785871984389
2021-05-19,55.608104242857806
2021-05-20,58.120433502053274
2021-05-21,55.4405040003193
2021-05-24,56.050270613867085
2021-05-25,58.39727830185048
2021-05-26,55.3162970663344
2021-05-27,58.91542931223911
2021-05-28,58.16792632232996
2021-05-31,56.58903401347411
2021-06-01,59.40955523287181
2021-06-02,59.06560229475878
2021-06-03,56.29023342302421
2021-06-04,56.298404139916194
2021-06-07,59.79252713203701
2021-06-08,55.822640543137524
2021-06-09,58.32810597943632
2021-06-10,57.35858767655109
2021-06-11,59.43663597598676
2021-06-14,57.54787181762758
2021-06-15,55.534810894998415
2021-06-16,55.515595555450474
2021-06-17,59.38808866001237
2021-06-18,58.2614115872862
2021-06-21,56.95104098998057
2021-06-22,59.114510351440885
2021-06-23,57.45068194320959
2021-06-24,55.839178961516964
2021-06-25,55.15450695830768
2021-06-28,56.77742251351465
2021-06-29,57.36618922953403
2021-06-30,55.20167195343848
2021-07-01,55.46091582112888
2021-07-02,57.94569084828187
2021-07-05,55.02465147154468
2021-07-06,56.1624001138801
2021-07-07,59.433101126506934
2021-07-08,57.43858349847529
2021-07-09,56.605160916242575
2021-07-12,55.847806392378516
2021-07-13,59.70644440920322
2021-07-14,55.14753975947068
2021-07-15,58.37434822274054
2021-07-16,56.03156325306383
2021-07-19,57.84699636242722
2021-07-20,58.00285567711274
2021-07-22,58.283796787818524
2021-07-23,59.789855077168674
2021-07-26,59.355382742388926
2021-07-27,58.65466518877404
2021-07-28,58.43271061124925
2021-07-29,59.50635778282866
2021-07-30,59.47420760748839
2021-08-02,56.44140849962998
2021-08-03,55.81447314139585
2021-08-04,56.118871883776045
2021-08-05,58.791461616836926
2021-08-06,57.82556544442505
2021-08-09,59.862929908659545
2021-08-10,57.196701001149435
2021-08-11,57.23611453062098
2021-08-12,58.828771307968296
2021-08-13,56.64231037245354
2021-08-16,56.8355538473424
2021-08-17,56.58026669339216
2021-08-18,58.49890713490546
2021-08-20,56.22268322128501
2021-08-23,58.973034840607966
2021-08-24,57.33214793369088
2021-08-25,55.98953968980544
2021-08-26,55.171932539755375
2021-08-27,56.19089385365156
2021-08-30,59.77759693489392
2021-08-31,55.32533782445391
2021-09-01,55.63427855941081
2021-09-02,59.230943270191055
2021-09-03,57.03052660561615
2021-09-06,58.50260001594249
2021-09-07,59.76016475991087
2021-09-08,56.03526179326315
2021-09-09,58.47872012898036
2021-09-13,57.88878890278573
2021-09-14,59.041336005191276
2021-09-15,57.80852789036062
2021-09-16,58.6871259957875
2021-09-17,55.59289940958372
2021-09-20,55.21182527939384
2021-09-21,57.26538420962848
2021-09-22,57.08363172085225
2021-09-23,58.21013853751091
2021-09-24,57.12392960509235
2021-09-27,56.61149142011964
2021-09-28,56.089989788758366
2021-09-29,59.31391050399237
2021-09-30,57.74827365199265
2021-10-01,57.993086622961435
2021-10-04,55.75630744788577
2021-10-05,59.98343970679376
2021-10-06,59.06751894807374
2021-10-07,56.1129014555153
2021-10-08,57.40211979263262
2021-10-11,56.786791773244815
2021-10-12,55.1217408016043
2021-10-13,55.57670119341065
2021-10-14,57.551960355037444
2021-10-18,55.83525200829873
2021-10-19,55.41391921686344
2021-10-20,55.33245250923733
2021-10-21,56.79899198362096
2021-10-22,58.992976697274855
2021-10-25,59.82222633352124
2021-10-26,56.62659320088576
2021-10-27,56.90129055721532
2021-10-28,58.190682708997336
2021-10-29,58.21931092132982
2021-11-01,56.087914342600264
2021-11-02,59.03249706746597
2021-11-03,58.67868569011433
2021-11-04,56.72938272008568
2021-11-08,56.901466721872445
2021-11-09,59.48405720565769
2021-11-10,59.69382055082027
2021-11-11,56.43859601615357
2021-11-12,56.64813696688389
2021-11-15,55.00906733721265
2021-11-16,57.763623238077955
2021-11-17,55.75680714458639
2021-11-18,56.83572831205693
2021-11-22,56.51723424499201
2021-11-23,55.94696738175745
2021-11-24,56.60936754286998
2021-11-25,59.08495088522179
2021-11-26,59.81694658706664
2021-11-29,55.44614149629256
2021-11-30,55.13120891599934
2021-12-01,58.3810015242852
2021-12-02,59.33453128929568
2021-12-03,56.02796861753698
2021-12-06,59.66982800120255
2021-12-07,56.03992183491226
2021-12-08,59.23267647753406
2021-12-09,58.39995589823748
2021-12-10,59.26475134431701
2021-12-13,57.901972307898404
2021-12-14,59.96048036567166
2021-12-15,56.00343933902217
2021-12-16,57.382063277157656
2021-12-17,56.94208276160911
2021-12-20,57.95894911178846
2021-12-21,58.1368165020178
2021-12-22,57.962952830561264
2021-12-23,59.06787889580993
2021-12-24,57.13378736960177
2021-12-27,59.30243830726426
2021-12-28,58.43206049848409
2021-12-29,55.68991656295688
2021-12-30,57.85732379153502
2021-12-31,59.9930549924203
2022-01-03,56.49958765801832
2022-01-04,59.535931509468554
2022-01-05,58.720311726267695
2022-01-06,58.89153664042353
2022-01-07,56.45328077476707
2022-01-10,59.67937560282457
2022-01-11,58.62538579775179
2022-01-12,55.14834391116201
2022-01-13,56.11239144569071
2022-01-14,59.01483732691515
2022-01-17,57.49346073759011
2022-01-18,55.78931932838493
2022-01-19,59.3004370388924
2022-01-20,58.39595363053924
2022-01-21,55.17279353419152
2022-01-24,56.04096013345006
2022-01-25,58.11841660883868
2022-01-27,55.51089970760824
2022-01-28,55.38708516137795
2022-01-31,58.09801035085013
2022-02-01,59.73537316041565
2022-02-02,58.195520946660686
2022-02-03,58.78338463575754
2022-02-04,58.29521100418736
2022-02-07,59.605728540057186
2022-02-08,57.79185258496475
2022-02-09,57.9399250701254
2022-02-10,55.64111636882458
2022-02-11,59.667205636991156
2022-02-14,58.92727010947354
2022-02-15,57.7958733691561
2022-02-16,58.977549216740464
2022-02-17,59.69963863529858
2022-02-18,59.911444396876945
2022-02-21,58.14978184270196
2022-02-22,55.95946616539484
2022-02-23,57.75405611268556
2022-02-24,56.674797541747836
2022-02-25,56.72859172425848
2022-02-28,57.4458603521942
2022-03-02,59.033552401532624
2022-03-03,57.80500188757678
2022-03-04,55.61789583088903
2022-03-07,56.74216342292125
2022-03-08,59.68449996389423
2022-03-09,59.4833844518128
2022-03-10,57.09995976988661
2022-03-11,55.56393956064353
2022-03-14,59.34366168485477
2022-03-15,57.42542438217422
2022-03-16,59.52000136645742
2022-03-17,58.41500820138415
2022-03-21,56.81880248020932
2022-03-22,55.13965849513001
2022-03-23,58.88988542958004
2022-03-24,55.30552666609895
2022-03-25,59.56138857337958
2022-03-28,59.65988425420794
2022-03-29,56.31690655077379
2022-03-30,59.260118438881044
2022-03-31,57.94689161519977
2022-04-01,59.7964599919082
2022-04-04,58.43719434252025
2022-04-05,58.1331322139311
2022-04-06,55.05968327215893
2022-04-07,58.661440380153344
2022-04-08,57.912056100414944
2022-04-11,55.73000187917721
2022-04-12,57.45271403925619
2022-04-13,55.686497960653426
2022-04-18,59.240786346177345
2022-04-19,57.61652149079264
2022-04-20,58.67255653588118
2022-04-21,58.93212321699531
2022-04-22,58.30652124491033
2022-04-25,58.19331894886803
2022-04-26,58.25175411334927
2022-04-27,56.5282366029255
2022-04-28,55.673546311799804
2022-04-29,58.18658255891359
2022-05-02,58.250953272523105
2022-05-04,56.818284108957926
2022-05-05,59.38957252734731
2022-05-06,59.1881596431937
2022-05-09,58.110774150185996
2022-05-10,59.81857651040562
2022-05-11,59.88253040175635
2022-05-12,55.484996905229224
2022-05-13,59.16952631713465
2022-05-16,57.81792951975614
2022-05-17,58.37198752892026
2022-05-18,59.94978772801233
2022-05-19,57.83970391562326
2022-05-20,59.448292594957714
2022-05-23,55.971445405581704
2022-05-24,56.07834159737404
2022-05-25,55.92272863881826
2022-05-26,57.50041986578417
2022-05-27,58.355255114963754
2022-05-30,58.66788147793229
2022-05-31,58.31305806416736
2022-06-01,57.54349788076904
2022-06-02,57.002358011843064
2022-06-03,55.81497933688147
2022-06-06,55.54322005301195
2022-06-07,58.8314632765415
2022-06-08,55.44356143318878
2022-06-09,57.57238159211817
2022-06-10,56.06007138764759
2022-06-13,56.90737467101514
2022-06-14,59.032920905608165
2022-06-15,58.711522794629055
2022-06-16,56.179980093389055
2022-06-17,57.21732391125062
2022-06-20,58.199237059589144
2022-06-21,58.24550512003077
2022-06-22,58.50094017181753
2022-06-23,57.35889343519329
2022-06-24,55.446723990992915
2022-06-27,58.30116074980123
2022-06-28,58.833102132208055
2022-06-29,58.418166417769726
2022-06-30,59.21268457829082
2022-07-01,55.27406355647248
2022-07-04,58.9445880673054
2022-07-05,55.393108615191885
2022-07-06,58.51163210737514
2022-07-07,59.18219782518713
2022-07-08,59.72843010483924
2022-07-11,57.38794122243503
2022-07-12,55.75581923222734
2022-07-13,58.70989875052965
2022-07-14,58.103213024927584
2022-07-15,56.869058331654365
2022-07-18,57.17601531377818
2022-07-19,59.82430474320885
2022-07-20,58.38051982237556
2022-07-21,58.44183020985245
2022-07-22,58.85417124163663
2022-07-25,55.90670600936218
2022-07-26,57.9768988793736
2022-07-27,55.51828208364462
2022-07-28,56.03553020914354
2022-07-29,59.22094475050645
2022-08-01,58.17106497822364
2022-08-02,56.94285071086223
2022-08-03,56.88632130681292
2022-08-04,56.613925765657314
2022-08-05,59.24680140276473
2022-08-08,57.069581491192096
2022-08-10,56.24172586962251
2022-08-11,58.634229211015246
2022-08-12,55.21265465967148
2022-08-16,58.17829657452642
2022-08-17,59.41767407942494
2022-08-18,57.75209273491154
2022-08-19,58.3705671863802
2022-08-22,59.54029149828868
2022-08-23,58.57446276951614
2022-08-24,57.0849134703188
2022-08-25,58.04710904653268
2022-08-26,55.258783912799636
2022-08-29,59.379648741223754
2022-08-30,55.084307421477035
2022-09-01,58.1292480865671
2022-09-02,55.307565541966035
2022-09-05,56.17744114526419
2022-09-06,58.69925119412107
2022-09-07,56.88974735437987
2022-09-08,55.26617641894856
2022-09-09,55.38266308530524
2022-09-12,57.026615171598095
2022-09-13,57.13232964543137
2022-09-14,57.628900583862794
2022-09-15,59.16791306059133
2022-09-16,57.444454276850436
2022-09-19,58.610019019378335
2022-09-20,55.720860747085496
2022-09-21,57.28884455788001
2022-09-22,57.421228193853565
2022-09-23,56.93312908354773
2022-09-26,58.57246885808863
2022-09-27,58.62951666627072
2022-09-28,59.216366769519716
2022-09-29,57.275849396145226
2022-09-30,58.920300835175034
2022-10-03,55.12512503409955
2022-10-04,57.273908970567796
2022-10-06,58.65250096671842
2022-10-07,57.70723186529667
2022-10-10,57.57202223999299
2022-10-11,55.74877055748505
2022-10-12,59.831800849348184
2022-10-13,59.18077938141098
2022-10-14,59.03527403694357
2022-10-17,55.72742338716456
2022-10-18,55.986195304955984
2022-10-19,59.337531287067904
2022-10-20,58.11056942522728
2022-10-21,57.45324637537607
2022-10-24,56.01813453898989
2022-10-25,57.834007140572645
2022-10-27,57.89221722362547
2022-10-28,58.8048987939983
2022-10-31,55.69470805248172
2022-11-01,57.19752097410305
2022-11-02,57.38021328936672
2022-11-03,59.75608342267804
2022-11-04,56.69217134767859
2022-11-07,59.370410393788724
2022-11-09,55.261436379192396
2022-11-10,59.50075664759699
2022-11-11,55.012717182842906
2022-11-14,55.76923629104904
2022-11-15,56.52504646155405
2022-11-16,57.68193471038133
2022-11-17,59.19862378196743
2022-11-18,55.684870828928396
2022-11-21,55.30762267629298
2022-11-22,56.31316633483625
2022-11-23,55.964346512967545
2022-11-24,55.10090014789431
2022-11-25,57.91865162839866
2022-11-28,58.80920625678934
2022-11-29,59.557711456743235
2022-11-30,55.50585458365303
2022-12-01,57.85799688654604
2022-12-02,56.51047345569255
2022-12-05,55.54885984692369
2022-12-06,59.14987875111062
2022-12-07,59.410523133573555
2022-12-08,55.68966613471076
2022-12-09,58.117620759845806
2022-12-12,55.50416760729222
2022-12-13,59.97758436455979
2022-12-14,55.96923941528649
2022-12-15,58.27853078172893
2022-12-16,58.01139467243371
2022-12-19,57.98797093686896
2022-12-20,57.614609192963236
2022-12-21,57.23022009363393
2022-12-22,59.720125964595155
2022-12-23,59.535533459842846
2022-12-26,57.13378870034148
2022-12-27,58.12890143878752
2022-12-28,58.29649257537858
2022-12-29,59.17396713636193
2022-12-30,59.32687351668003
2023-01-02,58.0397703630994
2023-01-03,57.20673365014588
2023-01-04,55.03722586694665
2023-01-05,56.88368484391123
2023-01-06,58.23011311374414
2023-01-09,59.96117350413864
2023-01-10,59.38293305665532
2023-01-11,57.06701068306268
2023-01-12,55.13868531647007
2023-01-13,58.7626086733441
2023-01-16,55.41500546243943
2023-01-17,59.52488358610613
2023-01-18,56.10236076069578
2023-01-19,55.55352131702497
2023-01-20,59.95944349757812
2023-01-23,57.9636187055899
2023-01-24,59.09366402739576
2023-01-25,55.870602152279474
2023-01-27,57.63874787826002
2023-01-30,55.041326038429936
2023-01-31,58.777689637216355
2023-02-01,59.56270360511861
2023-02-02,57.778503875440336
2023-02-03,58.40867818712136
2023-02-06,59.00326069754478
2023-02-07,56.59232012044545
2023-02-08,59.64775289364503
2023-02-09,57.52213709843232
2023-02-10,59.91383336390314
2023-02-13,57.08250389468508
2023-02-14,58.94086149342834
2023-02-15,57.96937582214967
2023-02-16,56.248810570521194
2023-02-17,58.88767173673737
2023-02-20,55.33684123916176
2023-02-21,56.747538427964756
2023-02-22,59.29898993267296
2023-02-23,55.92699079069581
2023-02-24,58.20675122219714
2023-02-27,55.403946984515606
2023-02-28,57.431062069520685
2023-03-01,57.607609176406406
2023-03-02,56.11219285918544
2023-03-03,55.65669967940945
2023-03-06,59.18902533012738
2023-03-08,55.737974244831406
2023-03-09,58.71638047141999
2023-03-10,55.258977929204626
2023-03-13,58.303647958651794
2023-03-14,56.45136555565459
2023-03-15,55.093032326130064
2023-03-16,56.60553553400677
2023-03-17,57.123856351416364
2023-03-20,58.62122417803507
2023-03-21,59.660131159449726
2023-03-22,56.99182353013727
2023-03-23,56.991551015400894
2023-03-24,56.357864308377515
2023-03-27,55.219970129123816
2023-03-28,57.44130873660665
2023-03-29,58.26624253484203
2023-03-31,57.813017461874004
2023-04-03,56.78705194936874
2023-04-05,57.561044117492024
2023-04-06,57.98165274885249
2023-04-10,56.44941147532449
2023-04-11,57.56317244979937
2023-04-12,59.3703906780219
2023-04-13,57.73703422965996
2023-04-17,55.002325678937545
2023-04-18,56.473564623448375
2023-04-19,57.981962918739825
2023-04-20,59.73396905551466
2023-04-21,58.79945155199415
2023-04-24,56.23570716147251
2023-04-25,55.32308384784855
2023-04-26,56.38410987993265
2023-04-27,55.21874640704768
2023-04-28,56.26571821636618
2023-05-02,57.19741474875762
2023-05-03,55.86487153866387
2023-05-04,59.8315052170613
2023-05-05,55.32596278386693
2023-05-08,59.37290602999735
2023-05-09,56.76396894462668
2023-05-10,59.31710155966872
2023-05-11,56.39593121872584
2023-05-12,56.31623280293441
2023-05-15,59.683370678856015
2023-05-16,55.461047510216886
2023-05-17,57.42540385079132
2023-05-18,57.529602805068215
2023-05-19,56.594669927231585
2023-05-22,55.83221918417993
2023-05-23,59.69449020622973
2023-05-24,56.821804846653
2023-05-25,57.24111158825572
2023-05-26,59.37443382285394
2023-05-29,56.571830123413605
2023-05-30,55.77598499498863
2023-05-31,55.070077643157205
2023-06-01,58.84328826311636
2023-06-02,58.22950586789045
2023-06-05,58.517567338724014
2023-06-06,55.93068926306133
2023-06-07,56.63372278452007
2023-06-08,58.57589843694476
2023-06-09,57.984893685886824
2023-06-12,55.282528438247446
2023-06-13,55.37830854672113
2023-06-14,58.1596725254763
2023-06-15,55.598429325638236
2023-06-16,55.645353598631424
2023-06-19,59.45738153388541
2023-06-20,56.39358337011123
2023-06-21,57.9140450551689
2023-06-22,58.25163961798404
2023-06-23,58.01379743848576
2023-06-26,58.64394920612676
2023-06-27,55.846981421296235
2023-06-28,56.11394187364337
2023-06-30,59.93090264847512
2023-07-03,58.3516617094027
2023-07-04,57.71119243392373
2023-07-05,58.23496690287557
2023-07-06,55.16993489633855
2023-07-07,55.44784146136245
2023-07-10,59.0424106097942
2023-07-11,56.21422506457652
2023-07-12,56.31982536030216
2023-07-13,57.081346598110315
2023-07-14,59.418906142947776
2023-07-17,57.33108542566655
2023-07-18,56.464892568240614
2023-07-19,56.93535269531373
2023-07-20,59.71344038943557
2023-07-21,56.69887537765161
2023-07-24,55.6142520062058
2023-07-25,59.3496006855033
2023-07-26,58.090343933287585
2023-07-27,55.20907610962897
2023-07-28,57.60058477295645
2023-07-31,58.39669675658098
2023-08-01,58.96067348088764
2023-08-02,56.49848422042208
2023-08-03,55.41081809154806
2023-08-04,58.319391579853914
2023-08-07,58.262424581589485
2023-08-08,59.945550127218695
2023-08-09,56.98841223364652
2023-08-10,55.811035060407065
2023-08-11,57.29706429765411
2023-08-14,59.498440966818855
2023-08-16,58.64833955631774
2023-08-17,55.62119221026737
2023-08-18,56.400107927175526
2023-08-21,58.641097397033235
2023-08-22,58.31573767205411
2023-08-23,59.153759879056864
2023-08-24,55.87508238838965
2023-08-25,55.32603087410246
2023-08-28,56.20117994511243
2023-08-29,58.26276928714423
2023-08-30,59.099972240422936
2023-08-31,59.748754088420114
2023-09-01,59.28920244149016
2023-09-04,56.97890660639366
2023-09-05,57.86253881365519
2023-09-06,56.93079932830583
2023-09-07,56.260523122601995
2023-09-08,59.50521716524595
2023-09-11,55.42366503289298
2023-09-12,56.7283386172687
2023-09-13,56.61849462812501
2023-09-14,55.18179553573874
2023-09-15,57.03790631069887
2023-09-18,58.382078051125944
2023-09-20,55.539635272650465
2023-09-21,59.22832474204808
2023-09-22,56.228821902895646
2023-09-25,57.6730014023669
2023-09-26,56.7667998024791
2023-09-27,55.71588508233822
2023-09-28,56.39758711088779
2023-09-29,55.047363086703484
2023-10-03,57.03343726880072
2023-10-04,58.580981626768455
2023-10-05,55.0594406643782
2023-10-06,57.686960779109405
2023-10-09,55.951241704738734
2023-10-10,57.08123808096658
2023-10-11,57.842895568772974
2023-10-12,59.20086964453663
2023-10-13,55.3248401605309
2023-10-16,55.13257182452034
2023-10-17,56.24147648169725
2023-10-18,58.111422633083066
2023-10-19,57.01013766581632
2023-10-20,56.723370773448266
2023-10-23,56.08797752107719
2023-10-25,57.32280571006302
2023-10-26,59.52347099934627
2023-10-27,55.23400296132562
2023-10-30,59.8537620389705
2023-10-31,58.99545650597494
2023-11-01,58.20980211223928
2023-11-02,57.38333270272872
2023-11-03,56.49310862826765
2023-11-06,55.040102519674925
2023-11-07,57.7440373839911
2023-11-08,57.35077987910001
2023-11-09,59.17823128334001
2023-11-10,59.59378711744962
2023-11-13,57.240862447575836
2023-11-15,55.205061167208946
2023-11-16,55.19169345115383
2023-11-17,59.657246118548684
2023-11-20,56.21978164299024
2023-11-21,57.491334109392966
2023-11-22,56.968743739090016
2023-11-23,58.50657150866192
2023-11-24,59.4476649559415
2023-11-28,59.87105390992656
2023-11-29,56.99143795598787
2023-11-30,56.11362167633287
2023-12-01,59.16280357447278
2023-12-04,57.64305671560055
2023-12-05,55.8363329590622
2023-12-06,56.08590888488667
2023-12-07,55.83695497538482
2023-12-08,58.27373445252656
2023-12-11,58.883254762201275
2023-12-12,59.13695490607597
2023-12-13,58.815377918408224
2023-12-14,59.513958309167776
2023-12-15,58.07345228178424
2023-12-18,55.797300566409504
2023-12-19,56.21453785332013
2023-12-20,58.62915818285646
2023-12-21,56.84858250969354
2023-12-22,56.09078512972626
2023-12-26,55.30646763797511
2023-12-27,59.006826094563074
2023-12-28,56.897958857157114
2023-12-29,58.11537584783274
2024-01-01,56.06647411529889
2024-01-02,56.19735527030527
2024-01-03,55.49082408972657
2024-01-04,59.916115708432436
2024-01-05,59.56548291411835
2024-01-08,58.790328302335496
2024-01-09,57.87149855426804
2024-01-10,59.794776014660414
2024-01-11,59.861193264278775
2024-01-12,58.45448896174931
2024-01-15,57.57652524802404
2024-01-16,59.33623548528676
2024-01-17,57.65150012513292
2024-01-18,57.89188592562215
2024-01-19,58.847223933257744
2024-01-23,57.68602798932485
2024-01-24,55.10681863376634
2024-01-25,56.551825306298454
2024-01-29,57.836167416727776
2024-01-30,59.332107439698525
2024-01-31,57.72116753266974
2024-02-01,55.089285665871316
2024-02-02,58.165360492027766
2024-02-05,59.91220725868573
2024-02-06,57.65041801895261
2024-02-07,57.589905593154775
2024-02-08,59.79273951104502
2024-02-09,55.45791641020298
2024-02-12,59.411185756262235
2024-02-13,58.08191466625714
2024-02-14,57.45105061065997
2024-02-15,59.9378975199847
2024-02-16,57.84365575788556
2024-02-19,58.837083337405566
2024-02-20,58.84389232366909
2024-02-21,59.319857594057396
2024-02-22,59.433686676571114
2024-02-23,57.177057108578005
2024-02-26,55.900464077396585
2024-02-27,58.2187753383822
2024-02-28,59.650224719150664
2024-02-29,57.968085268581525
2024-03-01,59.8046031417407
2024-03-04,55.77569039912245
2024-03-05,59.37070746821498
2024-03-06,56.96785949151606
2024-03-07,58.285876048241704
2024-03-11,56.752417759566605
2024-03-12,55.61907460635035
2024-03-13,55.53881980311217
2024-03-14,57.094206033193906
2024-03-15,56.37280690018095
2024-03-18,57.89788255701358
2024-03-19,57.676819441467174
2024-03-20,59.46870606646394
2024-03-21,55.15837919722184
2024-03-22,58.94994123426986
2024-03-26,59.916943949631005
2024-03-27,57.81409880182241
2024-03-28,55.40018410225498
2024-04-01,55.3169436294322
2024-04-02,57.72233803915362
2024-04-03,59.77812107507048
2024-04-04,56.74893956929443
2024-04-05,57.57880380027799
2024-04-08,56.76126067830662
2024-04-09,55.10364115203353
2024-04-10,59.61255915256634
2024-04-12,56.00101093217857
2024-04-15,55.5553903010851
2024-04-16,59.02937352583715
2024-04-18,55.09323215949875
2024-04-19,57.43160318115831
2024-04-22,59.34718488353781
2024-04-23,58.7497887660707
2024-04-24,56.30138172769287
2024-04-25,58.56663269211443
2024-04-26,56.877819866136775
2024-04-29,59.97635241694446
2024-04-30,58.36123647121422
2024-05-02,57.104853135814345
2024-05-03,56.62328749040142
2024-05-06,57.98567536846993
2024-05-07,59.979831233303884
2024-05-08,56.40444035787842
2024-05-09,55.05874008855507
2024-05-10,55.088093944106355
2024-05-13,59.56309307899987
2024-05-14,59.05860027271074
2024-05-15,58.73335080160643
2024-05-16,56.752011165024896
2024-05-17,59.001160304791156
2024-05-21,56.452847127020135
2024-05-22,56.195280930018484
2024-05-23,58.05626126901038
2024-05-24,56.600684777750736
2024-05-27,56.029208286561726
2024-05-28,59.39883960894158
2024-05-29,57.38916159846443
2024-05-30,58.05976435641313
2024-05-31,59.211950009038866
2024-06-03,55.780801377411535
2024-06-04,56.82170844680969
2024-06-05,59.97443027524535
2024-06-06,55.57930997930518
2024-06-07,57.029085754119485
2024-06-10,55.70600633528473
2024-06-11,55.47617395131102
2024-06-12,59.34555002644434
2024-06-13,55.24224304567591
2024-06-14,57.9326435168866
2024-06-18,57.09599889969455
2024-06-19,55.047077320154884
2024-06-20,58.54605422002598
2024-06-21,56.22561511800841
2024-06-24,56.62001349854554
2024-06-25,57.66749826292225
2024-06-26,57.50246408307871
2024-06-27,59.643140643600816
2024-06-28,59.92676947763057
2024-07-01,55.61891608836923
2024-07-02,55.79628184745363
2024-07-03,59.31320907607352
2024-07-04,59.34275331152697
2024-07-05,59.69511068550726
2024-07-08,59.36093862552896
2024-07-09,56.91830299030308
2024-07-10,58.92197664402711
2024-07-11,56.28223392968349
2024-07-12,55.72719930054012
2024-07-15,58.31759173404486
2024-07-16,57.80078477864518
2024-07-18,57.060148799264255
2024-07-19,58.63856404834627
2024-07-22,55.738965538621564
2024-07-23,57.1983384694907
2024-07-24,55.456768723635335
2024-07-25,55.33708529299152
2024-07-26,57.17210266659888
2024-07-29,58.577885776901354
2024-07-30,57.53168009953389
2024-07-31,59.35967842721062
2024-08-01,59.302167810087646
2024-08-02,55.102634636464025
2024-08-05,58.873249190620946
2024-08-06,55.3562057768052
2024-08-07,55.393753907048705
2024-08-08,57.57403862501593
2024-08-09,56.925566428549494
2024-08-12,59.4434059480225
2024-08-13,57.52803256708783
2024-08-14,59.231917933470996
2024-08-16,55.311836409284396
2024-08-19,57.67231188657813
2024-08-20,56.39645721527473
2024-08-21,56.2835407510914
2024-08-22,59.93259030576252
2024-08-23,59.50853609642342
2024-08-26,56.66802374597531
2024-08-27,57.55108185411377
2024-08-28,55.48267734650719
2024-08-29,59.898329052938
2024-08-30,58.44614841301844
2024-09-02,57.208350975571925
2024-09-03,58.44607504004815
2024-09-04,59.5111047130913
2024-09-05,57.23409271335843
2024-09-06,56.55756855820837
2024-09-09,58.96105474580044
2024-09-10,55.63434694125763
2024-09-11,57.39492545930505
2024-09-12,59.3962714214807
2024-09-13,55.27843537809755
2024-09-16,58.429260361147385
2024-09-17,56.99973452439734
2024-09-18,57.521472808656696
2024-09-19,56.065854763382895
2024-09-20,59.00330470029482
2024-09-23,57.36617353755762
2024-09-24,58.091035136753284
2024-09-25,56.30263743015768
2024-09-26,55.72598328219071
2024-09-27,59.76347092630919
2024-09-30,55.39506934885535
2024-10-01,59.79332078033461
2024-10-03,57.14175595534941
2024-10-04,57.00651183961957
2024-10-07,59.41509683310176
2024-10-08,56.64949123105725
2024-10-09,57.41210747387222
2024-10-10,58.910144336450415
2024-10-11,56.187332866898934
2024-10-14,56.27084961369006
2024-10-15,59.06896713418965
2024-10-16,58.10292275163511
2024-10-17,56.65845602891761
2024-10-18,59.46886523068819
2024-10-21,58.24123000277662
2024-10-22,57.49316091589912
2024-10-23,57.2283083123935
2024-10-24,56.757914191518815
2024-10-25,56.88790334997024
2024-10-28,55.31881986473672
2024-10-29,57.40053833233478
2024-10-30,56.141743096622534
2024-10-31,58.40559251254372
2024-11-01,55.13221111782643
2024-11-04,55.49533074080879
2024-11-05,55.444541326158834
2024-11-06,56.37830540189571
2024-11-07,57.34230640972294
2024-11-08,55.307393314146786
2024-11-11,58.19653666594353
2024-11-12,58.10897863757871
2024-11-13,56.60455541685252
2024-11-14,58.56960014000526
2024-11-18,55.23868173397097
2024-11-19,56.062451207339805
2024-11-21,55.62773132683772
2024-11-22,57.058193998062734
2024-11-25,58.766677085688144
2024-11-26,58.4722135881209
2024-11-27,59.288057160192125
2024-11-28,55.69575113278407
2024-11-29,58.73517082812636
2024-12-02,58.41120712840961
2024-12-03,57.7460149000174
2024-12-04,58.55190101767463
2024-12-05,57.10126891811399
2024-12-06,55.33244172182067
2024-12-09,57.267404760281686
2024-12-10,56.600880784148195
2024-12-11,56.27061332527642
2024-12-12,57.44946630347579
2024-12-13,55.00707127706951
2024-12-16,57.36385243615326
2024-12-17,56.95503033542226
2024-12-18,57.05990233131862
2024-12-19,59.930479179326674
2024-12-20,58.16154010447101
2024-12-23,58.21915369191829
2024-12-24,55.611973574701835
2024-12-26,58.76726289479459
2024-12-27,59.23006971229907
2024-12-30,57.73704365578698
2024-12-31,56.35775003384724
2025-01-01,59.74445078214081
2025-01-02,57.589751066114474
2025-01-03,56.6714294163093
2025-01-06,55.255949354733744
2025-01-07,56.687002590900654
2025-01-08,55.90999809913464
2025-01-09,57.54785301881721
2025-01-10,58.06577656017952
2025-01-13,58.02109124462804
2025-01-14,56.12167534545096
2025-01-15,56.554624435805636
2025-01-16,59.161352299992416
2025-01-17,56.8288582533905
2025-01-20,56.219531512348794
2025-01-21,59.48312983636774
2025-01-22,58.493495822236675
2025-01-23,56.56445290080596
2025-01-24,58.47251380266562
2025-01-27,59.24157715911397
2025-01-28,59.52032028197997
2025-01-29,57.555960850935804
2025-01-30,55.37572817893296
2025-01-31,58.975106608851746
2025-02-01,55.490461368631735
2025-02-03,59.01951844029436
2025-02-04,56.84420477846992
2025-02-05,56.14271233625201
2025-02-06,56.50817085819468
2025-02-07,55.77102305049674
2025-02-10,58.47068204691415
2025-02-11,55.27435302279092
2025-02-12,55.57322607347873
2025-02-13,59.471295094268505
2025-02-14,55.62174128083028
2025-02-17,58.34203640952754
2025-02-18,57.14435041468388
2025-02-19,59.61067889814356
2025-02-20,56.571970762799126
2025-02-21,57.84550296989252
2025-02-24,59.7358279488076
2025-02-25,55.51225442440849
2025-02-27,55.33077758686574
2025-02-28,58.37127484016753
2025-03-03,59.248716520648955
2025-03-04,57.47569529502474
2025-03-05,59.72723636357486
2025-03-06,57.37696059295154
2025-03-07,58.98813619201821
2025-03-10,57.31717222459904
2025-03-11,57.24469884138945
2025-03-12,57.86186305209545
2025-03-13,59.95260210324043
2025-03-17,55.040844371549255
2025-03-18,59.537927241899084
2025-03-19,55.920289107974924
2025-03-20,56.11878231508156
2025-03-21,56.60825842000676
2025-03-24,58.12103225070872
2025-03-25,55.017209222567324
2025-03-26,58.52324529910415
2025-03-27,56.238808748123276
2025-03-28,55.64309185838323
2025-04-01,55.63106969692773
2025-04-02,55.773782586056974
2025-04-03,56.68210962392222
2025-04-04,57.85085308824855
2025-04-07,55.234872828398906
2025-04-08,57.82283075179857
2025-04-09,58.028761141596796
2025-04-11,55.12827308600696
2025-04-15,57.2597472869408
2025-04-16,55.89424390438489
2025-04-17,55.18903150034109
2025-04-21,57.52181102190608
2025-04-22,58.40991234341477
2025-04-23,56.484617484977534
2025-04-24,58.4897510916764
2025-04-25,58.856576434737605
2025-04-28,57.2720223463972
2025-04-29,55.770301325045644
2025-04-30,55.27004503680142
2025-05-02,59.75852016118426
2025-05-05,57.071227833096906
2025-05-06,56.616476685016586
2025-05-07,58.12961383529702
2025-05-08,57.93355465288347
2025-05-09,58.30060632870842
2025-05-12,57.23508515903425
2025-05-13,56.67580689302935
2025-05-14,59.29296164042772
2025-05-15,57.35588819844664
2025-05-16,56.780203057506895
2025-05-19,56.58945854255716
2025-05-20,58.26965613650194
2025-05-21,55.87314903482814
2025-05-22,58.64180247043638
2025-05-23,58.51934918089954
2025-05-26,57.664722417697924
2025-05-27,59.91908021094253
2025-05-28,59.11460507271948
2025-05-29,58.50080140375876
2025-05-30,55.765852698318376
2025-06-02,56.472741316939654
2025-06-03,59.49734963590333
2025-06-04,55.298256666937434
2025-06-05,56.74284573795943
2025-06-06,55.741159666975804
2025-06-09,59.78265063604285
2025-06-10,59.17336442125024
2025-06-11,57.406520030072045
2025-06-12,56.293167331767386
2025-06-13,59.41925557592329
2025-06-16,59.96888859188162
2025-06-17,59.30837347600441
2025-06-18,55.846949151417135
2025-06-19,56.34296193335603
2025-06-20,57.871645513771945
2025-06-23,59.54516022086248
2025-06-24,57.70518019395975
2025-06-25,55.91355510369047
2025-06-26,57.49938536254809
2025-06-27,58.079651528121815
2025-06-30,58.71218585405775
2025-07-01,56.91063908023958
2025-07-02,56.69338024674633
2025-07-03,55.431833288516934
2025-07-04,56.30387038506098
2025-07-07,55.717617465235996
2025-07-08,55.567537609740825
2025-07-09,58.87041457688958
2025-07-10,56.69051446962231
2025-07-11,56.49302072818266
2025-07-14,58.74276485065661
2025-07-15,59.94914577812223
2025-07-16,55.92203238077606
2025-07-17,58.81849116942053
2025-07-18,56.03282979531822
2025-07-21,58.81377655272288
2025-07-22,57.82834305150344
2025-07-23,57.04384921701055
2025-07-24,58.21702264519133
2025-07-25,57.49646161095563
2025-07-28,59.006352038363666
2025-07-29,59.82921208607653
2025-07-30,59.62358632042319
2025-07-31,55.491833707180774
2025-08-01,59.446121403369716
2025-08-04,56.518161933169374
2025-08-05,57.642665213947986
2025-08-06,57.628066016500206
2025-08-07,55.47446850493688
2025-08-08,56.464666779688514
2025-08-11,56.20625232711478
2025-08-12,58.43448134739389
2025-08-13,56.14878696303897
2025-08-14,57.476741785951944
2025-08-18,57.189874668801316
2025-08-19,56.25467234126675
2025-08-20,59.17911926261045
2025-08-21,58.76699574576439
2025-08-22,56.32185346511933
2025-08-25,57.21026267716273
2025-08-26,58.488949484474595
2025-08-28,57.87890129181755
2025-08-29,58.4700728472443
2025-09-01,59.40960355758426
2025-09-02,59.12033150907516
2025-09-03,59.51388679487468
2025-09-04,58.115113930473335
2025-09-05,56.27501508081009
2025-09-08,56.5408920102142
2025-09-09,59.10762722237746
2025-09-10,57.91518812713803
2025-09-11,59.36570227761017
2025-09-12,55.99872824701901
2025-09-15,58.211854362254286
2025-09-16,58.01203105488587
2025-09-17,56.92077945830776
2025-09-18,58.82646037112025
2025-09-19,55.14545803238247
2025-09-22,59.31378518329425
2025-09-23,58.0983452152146
2025-09-24,59.9720599828729
2025-09-25,55.71169270325476
2025-09-26,57.012537904612955
2025-09-29,56.176899366712796
2025-09-30,57.20098009956392
2025-10-01,58.26856821723774
2025-10-03,58.78058997543122
2025-10-06,59.989565978602
2025-10-07,55.208485731443034
2025-10-08,57.41569426761193
2025-10-09,59.7581768284608
2025-10-10,55.25098631530449
2025-10-13,56.153086049888636
2025-10-14,58.11969884363566
2025-10-15,58.64688581548596
2025-10-16,57.35983759858749
2025-10-17,55.53850868757538
2025-10-20,57.38650854852111
2025-10-21,59.926960013552986
2025-10-23,59.99625145036796
2025-10-24,56.247300694778666
2025-10-27,56.72682216945919
2025-10-28,56.220461759939
2025-10-29,55.91038490643269
2025-10-30,56.58785353029504
2025-10-31,57.72450954262625
2025-11-03,55.24228810281555
2025-11-04,56.63131918471762
2025-11-06,55.62747588588441
2025-11-07,58.592173967063225
2025-11-10,55.445354189200856
2025-11-11,56.67435249670847
2025-11-12,58.91849621355237
2025-11-13,56.846813477116974
2025-11-14,55.111926298218435
2025-11-17,59.62692468849628
2025-11-18,59.31031225861114
2025-11-19,56.011178064645826
2025-11-20,55.28964696207039
2025-11-21,58.869254544522576
2025-11-24,58.88389096255077
2025-11-25,56.745217230548526
2025-11-26,58.285957995225395
2025-11-27,56.18551548549036
2025-11-28,55.81107459658824
2025-12-01,55.08369351503191
2025-12-02,56.88491720995001
2025-12-03,57.211244243574875
2025-12-04,57.583457244396996
2025-12-05,59.30622035243716
2025-12-08,58.082563999062145
2025-12-09,56.90644927322763
2025-12-10,55.68740476755167
2025-12-11,57.84680154317593
2025-12-12,55.67204906960786
2025-12-15,55.36401250188803
2025-12-16,57.57458965300123
2025-12-17,59.34636495993935
2025-12-18,56.565543027391236
2025-12-19,58.860732987261734
2025-12-22,59.36689282512435
2025-12-23,57.67185912948325
2025-12-24,58.268629335939515
2025-12-26,55.90491651322261
2025-12-29,57.03177607806729
2025-12-30,58.289776946419515
2025-12-31,58.614882700627604
2026-01-01,59.11794672548345
2026-01-02,59.7946944908866
2026-01-05,57.91863168338684
2026-01-06,55.1796061419442
2026-01-07,59.92615893287635
2026-01-08,58.492469560411706
2026-01-09,57.262087017540914
2026-01-12,59.34712607770039
2026-01-13,59.61538435469638
2026-01-14,59.4125662088304
2026-01-16,56.56325357690678
2026-01-19,56.7392557476268
2026-01-20,59.652400772962
2026-01-21,55.66703948638192
2026-01-22,57.112270424157
2026-01-23,57.06978983182034
2026-01-27,58.08177277583441
2026-01-28,56.87614966712833
2026-01-29,55.90198261542558
2026-01-30,59.88648989525245
2026-02-02,55.07906402113674
2026-02-03,57.506580675849136
2026-02-04,55.411453255055996
2026-02-05,58.84104145544999
2026-02-06,59.21235817449229
2026-02-09,59.89523050356829
2026-02-10,55.074208122750086
2026-02-11,56.78171261439016
2026-02-12,55.650294091957115
2026-02-13,59.40569404562683
2026-02-16,55.97973535055435
2026-02-17,56.63240329736176
2026-02-18,56.53667871737613
2026-02-19,56.721102734342395
2026-02-20,59.36953969636598
2026-02-23,58.95250949704941
2026-02-24,57.22137006746959
2026-02-25,59.4287451772902
2026-02-26,59.14206626578351
2026-02-27,59.946741259780964
2026-03-02,57.43908818081745
2026-03-04,57.349797436743074
2026-03-05,55.30473914772853
2026-03-06,59.23701292709123
2026-03-09,57.32251133572873
2026-03-10,55.71222195663702
2026-03-11,56.052334869087545
2026-03-12,57.21541639449924
2026-03-13,55.2233613133255
2026-03-16,59.76161967702684
2026-03-17,58.75697954626531
2026-03-18,59.35963835111438
2026-03-19,59.23563249662226
2026-03-20,57.66563242413809
2026-03-23,58.479368780763046
2026-03-24,59.64428365797777
2026-03-25,57.703285261877866
2026-03-27,55.85464607665603
2026-03-30,56.64778153449652
2026-04-01,59.16935112252448
2026-04-02,59.747605607173256
2026-04-06,56.08762126421414
2026-04-07,56.59777221565558
2026-04-08,56.34164731411216
2026-04-09,58.375588530540824
2026-04-10,56.83193197620839
2026-04-13,58.38288262428112
2026-04-15,55.21729770558219
2026-04-16,56.85820934438067
2026-04-17,56.01820808133802
