DATE,WLEMUINDXD
2008-01-01,149.95
2008-01-02,97.01
2008-01-03,12.12
2008-01-04,45.17
2008-01-05,143.82
2008-01-06,68.94
2008-01-07,64.25
2008-01-08,17.0
2008-01-09,74.77
2008-01-10,77.44
2008-01-11,76.18
2008-01-12,97.0
2008-01-13,32.59
2008-01-14,51.75
2008-01-15,186.88
2008-01-16,6.32
2008-01-17,25.14
2008-01-18,186.46
2008-01-19,66.35
2008-01-20,64.88
2008-01-21,290.51
2008-01-22,442.72
2008-01-23,195.28
2008-01-24,70.15
2008-01-25,158.53
2008-01-26,210.43
2008-01-27,104.12
2008-01-28,345.99
2008-01-29,124.66
2008-01-30,159.58
2008-01-31,15.13
2008-02-01,92.13
2008-02-02,92.88
2008-02-03,53.7
2008-02-04,41.56
2008-02-05,81.46
2008-02-06,24.15
2008-02-07,37.07
2008-02-08,68.25
2008-02-09,185.64
2008-02-10,38.72
2008-02-11,72.35
2008-02-12,91.66
2008-02-13,189.85
2008-02-14,55.48
2008-02-15,31.89
2008-02-16,62.58
2008-02-17,122.28
2008-02-18,94.76
2008-02-19,24.64
2008-02-20,30.51
2008-02-21,60.66
2008-02-22,19.62
2008-02-23,63.61
2008-02-24,31.11
2008-02-25,10.06
2008-02-26,161.98
2008-02-27,18.03
2008-02-28,10.07
2008-02-29,50.86
2008-03-01,44.76
2008-03-02,15.52
2008-03-03,30.5
2008-03-04,92.27
2008-03-05,90.79
2008-03-06,75.68
2008-03-07,13.02
2008-03-08,101.16
2008-03-09,15.63
2008-03-10,20.78
2008-03-11,7.88
2008-03-12,12.76
2008-03-13,10.09
2008-03-14,12.99
2008-03-15,18.42
2008-03-16,40.02
2008-03-17,252.58
2008-03-18,149.64
2008-03-19,62.35
2008-03-20,63.05
2008-03-21,280.8
2008-03-22,60.57
2008-03-23,72.74
2008-03-24,15.76
2008-03-25,57.44
2008-03-26,25.24
2008-03-27,45.46
2008-03-28,27.63
2008-03-29,88.05
2008-03-30,60.62
2008-03-31,49.88
2008-04-01,57.48
2008-04-02,89.68
2008-04-03,9.79
2008-04-04,26.62
2008-04-05,28.97
2008-04-06,8.04
2008-04-07,30.51
2008-04-08,22.37
2008-04-09,24.25
2008-04-10,10.05
2008-04-11,6.53
2008-04-12,47.43
2008-04-13,39.66
2008-04-14,52.18
2008-04-15,46.94
2008-04-16,34.48
2008-04-17,19.05
2008-04-18,18.88
2008-04-19,66.08
2008-04-20,31.0
2008-04-21,113.89
2008-04-22,54.91
2008-04-23,17.65
2008-04-24,34.43
2008-04-25,19.1
2008-04-26,46.31
2008-04-27,7.94
2008-04-28,50.58
2008-04-29,8.09
2008-04-30,89.92
2008-05-01,14.48
2008-05-02,18.72
2008-05-03,27.93
2008-05-04,40.11
2008-05-05,19.4
2008-05-06,31.37
2008-05-07,6.22
2008-05-08,4.87
2008-05-09,19.43
2008-05-10,19.14
2008-05-11,15.93
2008-05-12,64.73
2008-05-13,113.88
2008-05-14,19.38
2008-05-15,4.92
2008-05-16,13.15
2008-05-17,76.66
2008-05-18,48.7
2008-05-19,52.54
2008-05-20,16.1
2008-05-21,31.97
2008-05-22,4.91
2008-05-23,6.61
2008-05-24,39.19
2008-05-25,8.32
2008-05-26,13.98
2008-05-27,28.62
2008-05-28,13.47
2008-05-29,5.2
2008-05-30,6.65
2008-05-31,19.5
2008-06-01,16.2
2008-06-02,10.46
2008-06-03,16.49
2008-06-04,13.54
2008-06-05,15.78
2008-06-06,40.57
2008-06-07,19.78
2008-06-08,16.6
2008-06-09,63.46
2008-06-10,49.07
2008-06-11,6.64
2008-06-12,15.28
2008-06-13,20.47
2008-06-14,19.97
2008-06-15,42.04
2008-06-16,64.77
2008-06-17,24.69
2008-06-18,6.44
2008-06-19,21.15
2008-06-20,162.06
2008-06-21,20.46
2008-06-22,8.69
2008-06-23,10.98
2008-06-24,40.47
2008-06-25,6.39
2008-06-26,10.53
2008-06-27,42.08
2008-06-28,115.47
2008-06-29,51.99
2008-06-30,55.14
2008-07-01,40.7
2008-07-02,13.59
2008-07-03,15.74
2008-07-04,27.55
2008-07-05,85.86
2008-07-06,8.82
2008-07-07,53.96
2008-07-08,34.52
2008-07-09,74.49
2008-07-10,47.15
2008-07-11,42.51
2008-07-12,93.16
2008-07-13,33.88
2008-07-14,236.35
2008-07-15,337.31
2008-07-16,107.94
2008-07-17,73.46
2008-07-18,49.06
2008-07-19,82.25
2008-07-20,33.97
2008-07-21,10.77
2008-07-22,33.92
2008-07-23,19.78
2008-07-24,26.83
2008-07-25,20.72
2008-07-26,60.4
2008-07-27,33.07
2008-07-28,20.55
2008-07-29,33.67
2008-07-30,12.97
2008-07-31,5.06
2008-08-01,6.7
2008-08-02,40.82
2008-08-03,16.81
2008-08-04,20.81
2008-08-05,33.38
2008-08-06,25.34
2008-08-07,72.57
2008-08-08,27.76
2008-08-09,30.64
2008-08-10,42.38
2008-08-11,20.64
2008-08-12,40.93
2008-08-13,18.86
2008-08-14,87.51
2008-08-15,87.13
2008-08-16,59.85
2008-08-17,93.76
2008-08-18,41.06
2008-08-19,32.96
2008-08-20,43.86
2008-08-21,41.68
2008-08-22,56.03
2008-08-23,39.72
2008-08-24,23.35
2008-08-25,20.79
2008-08-26,15.54
2008-08-27,5.81
2008-08-28,4.88
2008-08-29,6.52
2008-08-30,18.67
2008-08-31,32.85
2008-09-01,41.6
2008-09-02,89.39
2008-09-03,56.34
2008-09-04,20.35
2008-09-05,25.79
2008-09-06,54.55
2008-09-07,8.21
2008-09-08,60.82
2008-09-09,62.24
2008-09-10,47.94
2008-09-11,9.82
2008-09-12,38.74
2008-09-13,54.94
2008-09-14,30.73
2008-09-15,353.92
2008-09-16,176.6
2008-09-17,155.16
2008-09-18,224.64
2008-09-19,199.51
2008-09-20,395.62
2008-09-21,81.62
2008-09-22,228.69
2008-09-23,236.49
2008-09-24,115.97
2008-09-25,385.31
2008-09-26,154.32
2008-09-27,260.34
2008-09-28,215.74
2008-09-29,1117.23
2008-09-30,504.44
2008-10-01,272.19
2008-10-02,192.94
2008-10-03,111.06
2008-10-04,363.47
2008-10-05,353.38
2008-10-06,459.7
2008-10-07,274.72
2008-10-08,373.6
2008-10-09,245.39
2008-10-10,291.02
2008-10-11,413.58
2008-10-12,238.62
2008-10-13,313.62
2008-10-14,257.6
2008-10-15,271.99
2008-10-16,158.38
2008-10-17,236.39
2008-10-18,331.95
2008-10-19,139.06
2008-10-20,230.8
2008-10-21,197.4
2008-10-22,154.31
2008-10-23,125.66
2008-10-24,156.97
2008-10-25,491.11
2008-10-26,134.06
2008-10-27,275.38
2008-10-28,161.95
2008-10-29,93.15
2008-10-30,61.32
2008-10-31,132.24
2008-11-01,295.51
2008-11-02,189.68
2008-11-03,278.65
2008-11-04,328.58
2008-11-05,99.14
2008-11-06,109.53
2008-11-07,52.76
2008-11-08,117.26
2008-11-09,106.55
2008-11-10,136.6
2008-11-11,114.3
2008-11-12,130.98
2008-11-13,65.44
2008-11-14,56.71
2008-11-15,144.65
2008-11-16,126.51
2008-11-17,116.36
2008-11-18,255.6
2008-11-19,241.07
2008-11-20,130.31
2008-11-21,177.11
2008-11-22,335.72
2008-11-23,247.9
2008-11-24,429.15
2008-11-25,242.12
2008-11-26,243.6
2008-11-27,138.57
2008-11-28,119.51
2008-11-29,552.23
2008-11-30,257.2
2008-12-01,154.88
2008-12-02,269.96
2008-12-03,96.56
2008-12-04,78.93
2008-12-05,124.83
2008-12-06,206.12
2008-12-07,67.49
2008-12-08,83.65
2008-12-09,78.04
2008-12-10,132.04
2008-12-11,134.74
2008-12-12,19.87
2008-12-13,96.78
2008-12-14,66.11
2008-12-15,113.14
2008-12-16,152.21
2008-12-17,62.26
2008-12-18,30.51
2008-12-19,88.16
2008-12-20,123.29
2008-12-21,159.04
2008-12-22,132.32
2008-12-23,136.1
2008-12-24,113.5
2008-12-25,231.24
2008-12-26,187.92
2008-12-27,528.16
2008-12-28,55.44
2008-12-29,132.21
2008-12-30,237.74
2008-12-31,202.28
2009-01-01,199.53
2009-01-02,75.54
2009-01-03,324.25
2009-01-04,823.76
2009-01-05,52.52
2009-01-06,72.85
2009-01-07,74.41
2009-01-08,48.86
2009-01-09,6.93
2009-01-10,136.67
2009-01-11,103.99
2009-01-12,111.28
2009-01-13,77.77
2009-01-14,72.74
2009-01-15,70.13
2009-01-16,88.69
2009-01-17,144.63
2009-01-18,50.2
2009-01-19,42.7
2009-01-20,113.75
2009-01-21,146.2
2009-01-22,100.58
2009-01-23,67.76
2009-01-24,105.86
2009-01-25,59.52
2009-01-26,145.73
2009-01-27,22.64
2009-01-28,48.79
2009-01-29,33.51
2009-01-30,34.28
2009-01-31,86.09
2009-02-01,24.6
2009-02-02,93.42
2009-02-03,117.26
2009-02-04,60.43
2009-02-05,48.86
2009-02-06,72.59
2009-02-07,104.39
2009-02-08,33.71
2009-02-09,59.94
2009-02-10,141.03
2009-02-11,76.45
2009-02-12,85.95
2009-02-13,102.49
2009-02-14,246.43
2009-02-15,60.83
2009-02-16,52.52
2009-02-17,142.74
2009-02-18,36.43
2009-02-19,33.47
2009-02-20,102.0
2009-02-21,170.06
2009-02-22,56.27
2009-02-23,166.27
2009-02-24,281.65
2009-02-25,97.71
2009-02-26,107.51
2009-02-27,46.51
2009-02-28,169.84
2009-03-01,121.91
2009-03-02,108.53
2009-03-03,93.35
2009-03-04,30.54
2009-03-05,53.08
2009-03-06,121.15
2009-03-07,391.62
2009-03-08,219.76
2009-03-09,277.66
2009-03-10,53.12
2009-03-11,91.36
2009-03-12,190.9
2009-03-13,74.8
2009-03-14,205.12
2009-03-15,85.57
2009-03-16,58.83
2009-03-17,15.22
2009-03-18,61.4
2009-03-19,121.58
2009-03-20,56.69
2009-03-21,104.1
2009-03-22,61.86
2009-03-23,111.21
2009-03-24,68.51
2009-03-25,114.91
2009-03-26,130.42
2009-03-27,34.32
2009-03-28,166.63
2009-03-29,35.2
2009-03-30,147.02
2009-03-31,110.24
2009-04-01,104.91
2009-04-02,58.5
2009-04-03,30.45
2009-04-04,131.4
2009-04-05,26.17
2009-04-06,19.99
2009-04-07,46.79
2009-04-08,24.33
2009-04-09,16.1
2009-04-10,28.09
2009-04-11,74.98
2009-04-12,98.9
2009-04-13,170.87
2009-04-14,53.65
2009-04-15,89.9
2009-04-16,21.74
2009-04-17,40.6
2009-04-18,80.53
2009-04-19,26.07
2009-04-20,49.86
2009-04-21,45.36
2009-04-22,59.98
2009-04-23,109.96
2009-04-24,31.19
2009-04-25,48.66
2009-04-26,37.57
2009-04-27,77.25
2009-04-28,107.11
2009-04-29,89.91
2009-04-30,42.72
2009-05-01,45.43
2009-05-02,50.03
2009-05-03,44.44
2009-05-04,20.13
2009-05-05,52.24
2009-05-06,17.93
2009-05-07,26.69
2009-05-08,26.48
2009-05-09,30.32
2009-05-10,17.29
2009-05-11,30.82
2009-05-12,22.91
2009-05-13,29.91
2009-05-14,16.37
2009-05-15,13.61
2009-05-16,60.27
2009-05-17,8.85
2009-05-18,10.14
2009-05-19,7.62
2009-05-20,48.0
2009-05-21,21.91
2009-05-22,21.27
2009-05-23,115.88
2009-05-24,9.09
2009-05-25,132.22
2009-05-26,27.05
2009-05-27,20.94
2009-05-28,34.29
2009-05-29,7.01
2009-05-30,20.41
2009-05-31,26.48
2009-06-01,31.41
2009-06-02,23.78
2009-06-03,44.07
2009-06-04,17.06
2009-06-05,35.18
2009-06-06,74.35
2009-06-07,8.97
2009-06-08,10.54
2009-06-09,8.11
2009-06-10,21.51
2009-06-11,17.29
2009-06-12,14.12
2009-06-13,21.69
2009-06-14,36.23
2009-06-15,21.36
2009-06-16,17.02
2009-06-17,25.92
2009-06-18,39.51
2009-06-19,7.25
2009-06-20,90.49
2009-06-21,18.51
2009-06-22,122.02
2009-06-23,16.51
2009-06-24,13.21
2009-06-25,17.95
2009-06-26,131.86
2009-06-27,33.49
2009-06-28,18.7
2009-06-29,34.08
2009-06-30,66.72
2009-07-01,6.63
2009-07-02,6.05
2009-07-03,9.04
2009-07-04,166.13
2009-07-05,50.76
2009-07-06,11.38
2009-07-07,85.81
2009-07-08,27.83
2009-07-09,88.64
2009-07-10,14.95
2009-07-11,56.8
2009-07-12,39.23
2009-07-13,20.53
2009-07-14,16.71
2009-07-15,27.42
2009-07-16,12.08
2009-07-17,14.92
2009-07-18,33.75
2009-07-19,37.84
2009-07-20,32.25
2009-07-21,54.65
2009-07-22,6.65
2009-07-23,11.86
2009-07-24,7.41
2009-07-25,43.91
2009-07-26,9.13
2009-07-27,21.21
2009-07-28,71.05
2009-07-29,119.69
2009-07-30,29.21
2009-07-31,29.94
2009-08-01,89.11
2009-08-02,73.7
2009-08-03,10.59
2009-08-04,24.51
2009-08-05,6.46
2009-08-06,11.95
2009-08-07,14.87
2009-08-08,33.16
2009-08-09,27.74
2009-08-10,31.75
2009-08-11,33.43
2009-08-12,19.84
2009-08-13,5.98
2009-08-14,22.32
2009-08-15,124.62
2009-08-16,18.86
2009-08-17,10.9
2009-08-18,71.52
2009-08-19,20.36
2009-08-20,34.28
2009-08-21,14.52
2009-08-22,44.33
2009-08-23,36.51
2009-08-24,44.45
2009-08-25,42.39
2009-08-26,6.36
2009-08-27,5.81
2009-08-28,7.28
2009-08-29,104.54
2009-08-30,98.94
2009-08-31,117.95
2009-09-01,39.94
2009-09-02,38.69
2009-09-03,33.92
2009-09-04,48.02
2009-09-05,71.35
2009-09-06,79.37
2009-09-07,49.0
2009-09-08,37.66
2009-09-09,36.59
2009-09-10,10.98
2009-09-11,46.66
2009-09-12,97.6
2009-09-13,8.35
2009-09-14,30.66
2009-09-15,7.68
2009-09-16,6.12
2009-09-17,5.4
2009-09-18,20.14
2009-09-19,29.37
2009-09-20,33.8
2009-09-21,130.08
2009-09-22,24.55
2009-09-23,6.07
2009-09-24,10.77
2009-09-25,13.55
2009-09-26,58.97
2009-09-27,93.11
2009-09-28,41.08
2009-09-29,16.39
2009-09-30,24.19
2009-10-01,21.82
2009-10-02,87.07
2009-10-03,19.64
2009-10-04,17.0
2009-10-05,20.05
2009-10-06,22.99
2009-10-07,6.88
2009-10-08,21.33
2009-10-09,13.38
2009-10-10,19.27
2009-10-11,8.52
2009-10-12,30.57
2009-10-13,16.25
2009-10-14,36.94
2009-10-15,5.53
2009-10-16,6.53
2009-10-17,57.24
2009-10-18,16.92
2009-10-19,29.68
2009-10-20,62.4
2009-10-21,17.66
2009-10-22,16.02
2009-10-23,33.04
2009-10-24,88.91
2009-10-25,17.0
2009-10-26,9.85
2009-10-27,30.77
2009-10-28,23.77
2009-10-29,21.19
2009-10-30,12.96
2009-10-31,86.01
2009-11-01,32.39
2009-11-02,19.69
2009-11-03,865.31
2009-11-04,23.6
2009-11-05,32.89
2009-11-06,39.47
2009-11-07,57.94
2009-11-08,66.87
2009-11-09,19.39
2009-11-10,31.51
2009-11-11,24.65
2009-11-12,10.31
2009-11-13,12.68
2009-11-14,9.81
2009-11-15,8.5
2009-11-16,9.79
2009-11-17,7.99
2009-11-18,42.62
2009-11-19,19.94
2009-11-20,19.07
2009-11-21,30.25
2009-11-22,17.43
2009-11-23,37.85
2009-11-24,22.93
2009-11-25,40.93
2009-11-26,23.78
2009-11-27,24.75
2009-11-28,35.65
2009-11-29,45.49
2009-11-30,376.29
2009-12-01,306.01
2009-12-02,232.89
2009-12-03,5.4
2009-12-04,6.73
2009-12-05,52.67
2009-12-06,8.62
2009-12-07,31.43
2009-12-08,105.54
2009-12-09,62.3
2009-12-10,16.01
2009-12-11,6.66
2009-12-12,53.03
2009-12-13,25.96
2009-12-14,83.98
2009-12-15,16.46
2009-12-16,18.26
2009-12-17,15.83
2009-12-18,6.84
2009-12-19,43.41
2009-12-20,18.09
2009-12-21,10.86
2009-12-22,49.42
2009-12-23,90.91
2009-12-24,6.76
2009-12-25,142.13
2009-12-26,205.68
2009-12-27,110.33
2009-12-28,43.85
2009-12-29,34.24
2009-12-30,27.45
2009-12-31,53.59
2010-01-01,57.28
2010-01-02,122.78
2010-01-03,78.56
2010-01-04,114.26
2010-01-05,16.2
2010-01-06,6.0
2010-01-07,30.9
2010-01-08,19.61
2010-01-09,113.65
2010-01-10,51.36
2010-01-11,48.54
2010-01-12,15.31
2010-01-13,11.8
2010-01-14,46.95
2010-01-15,43.36
2010-01-16,59.51
2010-01-17,8.44
2010-01-18,10.05
2010-01-19,16.18
2010-01-20,119.63
2010-01-21,103.9
2010-01-22,87.24
2010-01-23,105.71
2010-01-24,64.91
2010-01-25,264.44
2010-01-26,39.15
2010-01-27,30.14
2010-01-28,71.38
2010-01-29,32.57
2010-01-30,62.16
2010-01-31,16.92
2010-02-01,29.04
2010-02-02,46.36
2010-02-03,68.29
2010-02-04,10.09
2010-02-05,37.8
2010-02-06,9.91
2010-02-07,8.31
2010-02-08,58.74
2010-02-09,45.14
2010-02-10,24.07
2010-02-11,41.87
2010-02-12,25.16
2010-02-13,19.85
2010-02-14,47.17
2010-02-15,60.68
2010-02-16,15.89
2010-02-17,11.96
2010-02-18,30.14
2010-02-19,31.42
2010-02-20,50.62
2010-02-21,8.06
2010-02-22,39.31
2010-02-23,37.07
2010-02-24,11.38
2010-02-25,10.36
2010-02-26,6.19
2010-02-27,37.6
2010-02-28,31.17
2010-03-01,28.76
2010-03-02,22.61
2010-03-03,11.59
2010-03-04,9.92
2010-03-05,6.11
2010-03-06,37.96
2010-03-07,7.96
2010-03-08,9.44
2010-03-09,37.88
2010-03-10,46.93
2010-03-11,39.3
2010-03-12,48.32
2010-03-13,38.9
2010-03-14,7.99
2010-03-15,9.77
2010-03-16,7.71
2010-03-17,5.98
2010-03-18,39.34
2010-03-19,37.12
2010-03-20,68.79
2010-03-21,32.78
2010-03-22,130.09
2010-03-23,39.02
2010-03-24,18.33
2010-03-25,24.86
2010-03-26,12.7
2010-03-27,79.77
2010-03-28,23.69
2010-03-29,29.96
2010-03-30,7.89
2010-03-31,62.1
2010-04-01,82.38
2010-04-02,12.85
2010-04-03,145.65
2010-04-04,16.86
2010-04-05,30.99
2010-04-06,15.23
2010-04-07,6.0
2010-04-08,4.99
2010-04-09,25.06
2010-04-10,29.7
2010-04-11,40.82
2010-04-12,29.99
2010-04-13,37.91
2010-04-14,18.18
2010-04-15,28.93
2010-04-16,74.0
2010-04-17,66.76
2010-04-18,33.04
2010-04-19,49.01
2010-04-20,57.51
2010-04-21,5.88
2010-04-22,4.9
2010-04-23,11.99
2010-04-24,48.26
2010-04-25,24.23
2010-04-26,28.02
2010-04-27,28.44
2010-04-28,11.15
2010-04-29,9.59
2010-04-30,11.98
2010-05-01,18.99
2010-05-02,16.07
2010-05-03,58.63
2010-05-04,52.35
2010-05-05,51.39
2010-05-06,101.92
2010-05-07,136.22
2010-05-08,147.09
2010-05-09,40.33
2010-05-10,29.37
2010-05-11,22.22
2010-05-12,45.45
2010-05-13,4.8
2010-05-14,5.98
2010-05-15,57.53
2010-05-16,55.04
2010-05-17,27.99
2010-05-18,20.93
2010-05-19,52.04
2010-05-20,81.54
2010-05-21,53.37
2010-05-22,28.95
2010-05-23,39.64
2010-05-24,115.98
2010-05-25,49.84
2010-05-26,69.26
2010-05-27,34.61
2010-05-28,67.13
2010-05-29,69.89
2010-05-30,25.56
2010-05-31,43.57
2010-06-01,25.67
2010-06-02,24.14
2010-06-03,37.23
2010-06-04,37.86
2010-06-05,20.54
2010-06-06,25.34
2010-06-07,39.61
2010-06-08,109.47
2010-06-09,73.8
2010-06-10,26.33
2010-06-11,25.83
2010-06-12,30.84
2010-06-13,50.75
2010-06-14,70.24
2010-06-15,156.14
2010-06-16,96.73
2010-06-17,54.38
2010-06-18,6.62
2010-06-19,10.41
2010-06-20,24.44
2010-06-21,30.41
2010-06-22,39.25
2010-06-23,43.84
2010-06-24,40.88
2010-06-25,25.58
2010-06-26,51.07
2010-06-27,42.53
2010-06-28,64.61
2010-06-29,58.34
2010-06-30,63.45
2010-07-01,75.32
2010-07-02,28.4
2010-07-03,122.31
2010-07-04,55.2
2010-07-05,28.59
2010-07-06,106.25
2010-07-07,20.94
2010-07-08,51.03
2010-07-09,7.4
2010-07-10,129.67
2010-07-11,63.9
2010-07-12,63.64
2010-07-13,25.31
2010-07-14,48.42
2010-07-15,44.23
2010-07-16,27.99
2010-07-17,33.7
2010-07-18,44.98
2010-07-19,63.31
2010-07-20,76.19
2010-07-21,99.69
2010-07-22,33.41
2010-07-23,14.39
2010-07-24,76.64
2010-07-25,77.28
2010-07-26,203.2
2010-07-27,117.63
2010-07-28,44.56
2010-07-29,11.02
2010-07-30,7.0
2010-07-31,97.47
2010-08-01,155.18
2010-08-02,86.54
2010-08-03,58.82
2010-08-04,67.03
2010-08-05,148.69
2010-08-06,27.36
2010-08-07,108.32
2010-08-08,26.11
2010-08-09,32.63
2010-08-10,40.07
2010-08-11,127.25
2010-08-12,73.29
2010-08-13,229.84
2010-08-14,100.68
2010-08-15,79.81
2010-08-16,105.11
2010-08-17,17.48
2010-08-18,13.99
2010-08-19,39.11
2010-08-20,14.44
2010-08-21,206.46
2010-08-22,58.87
2010-08-23,34.86
2010-08-24,35.88
2010-08-25,47.22
2010-08-26,126.97
2010-08-27,70.33
2010-08-28,91.36
2010-08-29,114.26
2010-08-30,34.95
2010-08-31,206.04
2010-09-01,155.84
2010-09-02,16.58
2010-09-03,13.51
2010-09-04,87.83
2010-09-05,43.11
2010-09-06,77.26
2010-09-07,98.53
2010-09-08,13.45
2010-09-09,16.06
2010-09-10,33.5
2010-09-11,65.74
2010-09-12,33.04
2010-09-13,86.84
2010-09-14,62.37
2010-09-15,31.25
2010-09-16,32.26
2010-09-17,20.1
2010-09-18,66.59
2010-09-19,67.27
2010-09-20,123.81
2010-09-21,89.56
2010-09-22,13.18
2010-09-23,5.33
2010-09-24,19.92
2010-09-25,94.74
2010-09-26,33.09
2010-09-27,10.96
2010-09-28,66.77
2010-09-29,37.85
2010-09-30,30.93
2010-10-01,13.5
2010-10-02,28.31
2010-10-03,16.26
2010-10-04,43.26
2010-10-05,50.67
2010-10-06,19.25
2010-10-07,59.59
2010-10-08,44.07
2010-10-09,18.08
2010-10-10,47.96
2010-10-11,41.88
2010-10-12,47.72
2010-10-13,274.39
2010-10-14,211.55
2010-10-15,18.73
2010-10-16,35.25
2010-10-17,62.99
2010-10-18,50.38
2010-10-19,7.73
2010-10-20,6.09
2010-10-21,9.66
2010-10-22,12.44
2010-10-23,89.9
2010-10-24,15.67
2010-10-25,50.03
2010-10-26,7.48
2010-10-27,24.18
2010-10-28,28.74
2010-10-29,185.41
2010-10-30,78.7
2010-10-31,46.53
2010-11-01,121.49
2010-11-02,37.91
2010-11-03,115.83
2010-11-04,30.33
2010-11-05,31.75
2010-11-06,80.4
2010-11-07,7.83
2010-11-08,50.36
2010-11-09,30.92
2010-11-10,17.66
2010-11-11,21.16
2010-11-12,19.63
2010-11-13,46.26
2010-11-14,111.42
2010-11-15,83.38
2010-11-16,39.47
2010-11-17,6.32
2010-11-18,15.62
2010-11-19,19.38
2010-11-20,57.59
2010-11-21,24.38
2010-11-22,20.33
2010-11-23,7.94
2010-11-24,17.87
2010-11-25,7.47
2010-11-26,40.38
2010-11-27,66.77
2010-11-28,53.05
2010-11-29,65.67
2010-11-30,16.52
2010-12-01,25.59
2010-12-02,10.9
2010-12-03,20.01
2010-12-04,29.25
2010-12-05,17.03
2010-12-06,31.67
2010-12-07,24.67
2010-12-08,31.26
2010-12-09,31.41
2010-12-10,13.56
2010-12-11,100.24
2010-12-12,51.24
2010-12-13,64.87
2010-12-14,8.08
2010-12-15,18.84
2010-12-16,10.59
2010-12-17,6.76
2010-12-18,30.47
2010-12-19,8.71
2010-12-20,21.51
2010-12-21,24.89
2010-12-22,12.82
2010-12-23,11.64
2010-12-24,35.57
2010-12-25,103.68
2010-12-26,20.17
2010-12-27,23.75
2010-12-28,46.34
2010-12-29,35.07
2010-12-30,82.76
2010-12-31,87.88
2011-01-01,296.77
2011-01-02,85.31
2011-01-03,21.97
2011-01-04,33.85
2011-01-05,6.18
2011-01-06,5.41
2011-01-07,6.64
2011-01-08,39.36
2011-01-09,42.02
2011-01-10,10.42
2011-01-11,7.89
2011-01-12,37.62
2011-01-13,10.8
2011-01-14,13.0
2011-01-15,9.79
2011-01-16,8.38
2011-01-17,21.68
2011-01-18,16.26
2011-01-19,30.14
2011-01-20,25.95
2011-01-21,32.62
2011-01-22,29.92
2011-01-23,8.31
2011-01-24,31.52
2011-01-25,7.95
2011-01-26,29.48
2011-01-27,5.14
2011-01-28,30.94
2011-01-29,39.06
2011-01-30,127.25
2011-01-31,29.94
2011-02-01,30.36
2011-02-02,35.66
2011-02-03,5.17
2011-02-04,6.38
2011-02-05,19.19
2011-02-06,56.19
2011-02-07,10.21
2011-02-08,22.99
2011-02-09,11.49
2011-02-10,40.19
2011-02-11,6.26
2011-02-12,38.94
2011-02-13,88.51
2011-02-14,30.44
2011-02-15,23.19
2011-02-16,45.74
2011-02-17,14.88
2011-02-18,12.48
2011-02-19,65.76
2011-02-20,56.51
2011-02-21,31.41
2011-02-22,40.86
2011-02-23,34.44
2011-02-24,20.21
2011-02-25,12.45
2011-02-26,247.01
2011-02-27,39.84
2011-02-28,50.61
2011-03-01,30.21
2011-03-02,11.3
2011-03-03,9.95
2011-03-04,18.25
2011-03-05,18.47
2011-03-06,15.63
2011-03-07,50.03
2011-03-08,69.06
2011-03-09,22.71
2011-03-10,24.73
2011-03-11,88.27
2011-03-12,38.98
2011-03-13,72.57
2011-03-14,311.62
2011-03-15,142.85
2011-03-16,52.44
2011-03-17,19.87
2011-03-18,12.72
2011-03-19,168.93
2011-03-20,137.09
2011-03-21,31.08
2011-03-22,55.85
2011-03-23,39.77
2011-03-24,14.91
2011-03-25,63.32
2011-03-26,59.15
2011-03-27,48.28
2011-03-28,10.4
2011-03-29,55.96
2011-03-30,17.38
2011-03-31,125.02
2011-04-01,12.36
2011-04-02,9.87
2011-04-03,8.1
2011-04-04,10.07
2011-04-05,15.49
2011-04-06,11.05
2011-04-07,9.74
2011-04-08,6.16
2011-04-09,67.26
2011-04-10,16.01
2011-04-11,10.11
2011-04-12,7.72
2011-04-13,34.24
2011-04-14,137.38
2011-04-15,18.42
2011-04-16,214.03
2011-04-17,41.28
2011-04-18,29.53
2011-04-19,23.18
2011-04-20,11.83
2011-04-21,129.68
2011-04-22,36.91
2011-04-23,60.51
2011-04-24,33.22
2011-04-25,10.36
2011-04-26,30.6
2011-04-27,17.79
2011-04-28,9.77
2011-04-29,12.17
2011-04-30,104.46
2011-05-01,87.81
2011-05-02,10.05
2011-05-03,7.54
2011-05-04,17.17
2011-05-05,120.83
2011-05-06,12.21
2011-05-07,106.73
2011-05-08,88.66
2011-05-09,10.14
2011-05-10,7.67
2011-05-11,46.94
2011-05-12,4.96
2011-05-13,24.29
2011-05-14,105.1
2011-05-15,8.08
2011-05-16,30.41
2011-05-17,45.98
2011-05-18,35.84
2011-05-19,30.12
2011-05-20,37.24
2011-05-21,57.48
2011-05-22,48.87
2011-05-23,29.91
2011-05-24,30.28
2011-05-25,24.22
2011-05-26,15.22
2011-05-27,6.36
2011-05-28,30.81
2011-05-29,8.52
2011-05-30,15.01
2011-05-31,18.75
2011-06-01,31.19
2011-06-02,52.63
2011-06-03,58.21
2011-06-04,61.66
2011-06-05,67.02
2011-06-06,10.41
2011-06-07,32.67
2011-06-08,12.32
2011-06-09,144.67
2011-06-10,26.23
2011-06-11,114.4
2011-06-12,42.59
2011-06-13,44.2
2011-06-14,73.63
2011-06-15,81.82
2011-06-16,48.04
2011-06-17,13.24
2011-06-18,31.78
2011-06-19,84.6
2011-06-20,43.21
2011-06-21,8.38
2011-06-22,51.7
2011-06-23,5.34
2011-06-24,6.56
2011-06-25,10.47
2011-06-26,34.66
2011-06-27,43.91
2011-06-28,34.54
2011-06-29,107.03
2011-06-30,5.63
2011-07-01,6.87
2011-07-02,11.28
2011-07-03,9.11
2011-07-04,49.33
2011-07-05,29.11
2011-07-06,34.03
2011-07-07,5.7
2011-07-08,7.08
2011-07-09,53.54
2011-07-10,44.48
2011-07-11,55.8
2011-07-12,8.64
2011-07-13,33.22
2011-07-14,28.01
2011-07-15,33.56
2011-07-16,129.97
2011-07-17,9.02
2011-07-18,101.86
2011-07-19,33.31
2011-07-20,19.6
2011-07-21,33.13
2011-07-22,20.39
2011-07-23,220.08
2011-07-24,63.14
2011-07-25,11.41
2011-07-26,153.3
2011-07-27,73.38
2011-07-28,71.29
2011-07-29,192.85
2011-07-30,200.23
2011-07-31,107.25
2011-08-01,136.94
2011-08-02,351.47
2011-08-03,64.49
2011-08-04,197.48
2011-08-05,259.61
2011-08-06,304.64
2011-08-07,419.02
2011-08-08,897.41
2011-08-09,620.37
2011-08-10,388.49
2011-08-11,659.05
2011-08-12,417.71
2011-08-13,605.33
2011-08-14,249.42
2011-08-15,268.71
2011-08-16,220.85
2011-08-17,130.06
2011-08-18,153.98
2011-08-19,136.54
2011-08-20,147.24
2011-08-21,84.66
2011-08-22,150.13
2011-08-23,137.23
2011-08-24,122.94
2011-08-25,273.94
2011-08-26,95.27
2011-08-27,118.45
2011-08-28,57.66
2011-08-29,74.69
2011-08-30,57.09
2011-08-31,105.0
2011-09-01,137.94
2011-09-02,53.06
2011-09-03,37.89
2011-09-04,43.31
2011-09-05,135.92
2011-09-06,179.89
2011-09-07,160.02
2011-09-08,15.21
2011-09-09,31.62
2011-09-10,79.86
2011-09-11,37.56
2011-09-12,154.81
2011-09-13,126.95
2011-09-14,87.64
2011-09-15,32.73
2011-09-16,19.3
2011-09-17,119.66
2011-09-18,24.84
2011-09-19,20.6
2011-09-20,40.63
2011-09-21,100.94
2011-09-22,71.19
2011-09-23,50.46
2011-09-24,64.46
2011-09-25,56.73
2011-09-26,63.45
2011-09-27,77.74
2011-09-28,138.42
2011-09-29,15.54
2011-09-30,38.93
2011-10-01,148.6
2011-10-02,134.02
2011-10-03,209.55
2011-10-04,55.27
2011-10-05,65.98
2011-10-06,31.28
2011-10-07,18.52
2011-10-08,84.7
2011-10-09,33.92
2011-10-10,64.96
2011-10-11,23.51
2011-10-12,83.39
2011-10-13,20.43
2011-10-14,30.73
2011-10-15,64.24
2011-10-16,33.37
2011-10-17,40.62
2011-10-18,44.56
2011-10-19,76.03
2011-10-20,34.81
2011-10-21,17.52
2011-10-22,117.3
2011-10-23,73.72
2011-10-24,55.87
2011-10-25,38.99
2011-10-26,84.14
2011-10-27,89.24
2011-10-28,18.36
2011-10-29,72.73
2011-10-30,31.93
2011-10-31,31.0
2011-11-01,104.84
2011-11-02,58.61
2011-11-03,57.15
2011-11-04,75.24
2011-11-05,8.75
2011-11-06,23.69
2011-11-07,28.8
2011-11-08,43.55
2011-11-09,54.97
2011-11-10,43.94
2011-11-11,67.35
2011-11-12,72.87
2011-11-13,137.64
2011-11-14,47.97
2011-11-15,44.84
2011-11-16,46.53
2011-11-17,32.0
2011-11-18,40.48
2011-11-19,61.34
2011-11-20,69.97
2011-11-21,404.4
2011-11-22,33.66
2011-11-23,44.39
2011-11-24,30.55
2011-11-25,59.52
2011-11-26,138.77
2011-11-27,37.84
2011-11-28,56.65
2011-11-29,70.6
2011-11-30,46.02
2011-12-01,37.27
2011-12-02,20.2
2011-12-03,93.15
2011-12-04,42.75
2011-12-05,21.56
2011-12-06,75.3
2011-12-07,71.66
2011-12-08,71.24
2011-12-09,27.22
2011-12-10,84.44
2011-12-11,53.26
2011-12-12,22.19
2011-12-13,25.62
2011-12-14,39.41
2011-12-15,32.21
2011-12-16,41.16
2011-12-17,42.87
2011-12-18,18.09
2011-12-19,57.21
2011-12-20,35.11
2011-12-21,13.56
2011-12-22,34.32
2011-12-23,38.93
2011-12-24,173.07
2011-12-25,67.91
2011-12-26,98.34
2011-12-27,21.37
2011-12-28,29.81
2011-12-29,51.12
2011-12-30,100.79
2011-12-31,223.59
2012-01-01,64.08
2012-01-02,107.92
2012-01-03,72.18
2012-01-04,13.75
2012-01-05,76.78
2012-01-06,27.62
2012-01-07,126.96
2012-01-08,27.81
2012-01-09,11.49
2012-01-10,59.61
2012-01-11,38.43
2012-01-12,15.71
2012-01-13,33.82
2012-01-14,31.02
2012-01-15,53.15
2012-01-16,34.87
2012-01-17,18.38
2012-01-18,13.2
2012-01-19,21.15
2012-01-20,26.56
2012-01-21,92.4
2012-01-22,36.0
2012-01-23,87.65
2012-01-24,109.3
2012-01-25,26.02
2012-01-26,15.86
2012-01-27,20.62
2012-01-28,72.97
2012-01-29,60.74
2012-01-30,11.74
2012-01-31,43.37
2012-02-01,12.93
2012-02-02,15.41
2012-02-03,20.48
2012-02-04,20.32
2012-02-05,26.51
2012-02-06,11.88
2012-02-07,85.07
2012-02-08,13.02
2012-02-09,20.12
2012-02-10,27.57
2012-02-11,42.04
2012-02-12,17.91
2012-02-13,22.98
2012-02-14,16.93
2012-02-15,6.66
2012-02-16,5.35
2012-02-17,13.71
2012-02-18,30.3
2012-02-19,42.56
2012-02-20,58.15
2012-02-21,34.94
2012-02-22,12.77
2012-02-23,10.54
2012-02-24,26.76
2012-02-25,61.72
2012-02-26,43.34
2012-02-27,45.99
2012-02-28,75.58
2012-02-29,84.35
2012-03-01,10.43
2012-03-02,6.69
2012-03-03,60.28
2012-03-04,8.78
2012-03-05,32.81
2012-03-06,33.54
2012-03-07,13.23
2012-03-08,81.81
2012-03-09,20.74
2012-03-10,42.57
2012-03-11,26.57
2012-03-12,22.8
2012-03-13,8.61
2012-03-14,6.66
2012-03-15,16.45
2012-03-16,49.0
2012-03-17,22.16
2012-03-18,17.95
2012-03-19,23.1
2012-03-20,16.67
2012-03-21,6.74
2012-03-22,10.76
2012-03-23,14.0
2012-03-24,21.63
2012-03-25,152.44
2012-03-26,11.52
2012-03-27,17.15
2012-03-28,6.63
2012-03-29,10.84
2012-03-30,20.68
2012-03-31,43.17
2012-04-01,9.02
2012-04-02,11.68
2012-04-03,76.99
2012-04-04,6.68
2012-04-05,5.44
2012-04-06,64.66
2012-04-07,35.08
2012-04-08,9.4
2012-04-09,24.05
2012-04-10,221.99
2012-04-11,19.66
2012-04-12,16.15
2012-04-13,6.97
2012-04-14,21.4
2012-04-15,17.68
2012-04-16,10.91
2012-04-17,23.95
2012-04-18,87.59
2012-04-19,71.88
2012-04-20,6.65
2012-04-21,73.91
2012-04-22,26.56
2012-04-23,289.11
2012-04-24,42.23
2012-04-25,6.38
2012-04-26,45.75
2012-04-27,27.06
2012-04-28,41.62
2012-04-29,8.86
2012-04-30,45.16
2012-05-01,49.79
2012-05-02,6.45
2012-05-03,21.89
2012-05-04,26.88
2012-05-05,31.2
2012-05-06,44.69
2012-05-07,22.19
2012-05-08,24.91
2012-05-09,32.12
2012-05-10,25.56
2012-05-11,13.78
2012-05-12,41.81
2012-05-13,44.47
2012-05-14,78.99
2012-05-15,98.34
2012-05-16,59.0
2012-05-17,40.89
2012-05-18,28.02
2012-05-19,93.83
2012-05-20,9.03
2012-05-21,11.51
2012-05-22,25.44
2012-05-23,33.3
2012-05-24,15.62
2012-05-25,13.99
2012-05-26,43.26
2012-05-27,9.24
2012-05-28,32.59
2012-05-29,40.36
2012-05-30,20.44
2012-05-31,128.82
2012-06-01,307.89
2012-06-02,260.76
2012-06-03,135.64
2012-06-04,81.54
2012-06-05,8.85
2012-06-06,20.47
2012-06-07,37.72
2012-06-08,7.14
2012-06-09,66.71
2012-06-10,54.37
2012-06-11,82.13
2012-06-12,80.54
2012-06-13,48.46
2012-06-14,39.08
2012-06-15,44.02
2012-06-16,191.15
2012-06-17,37.54
2012-06-18,95.97
2012-06-19,35.99
2012-06-20,40.64
2012-06-21,127.4
2012-06-22,179.6
2012-06-23,33.19
2012-06-24,55.46
2012-06-25,285.88
2012-06-26,116.0
2012-06-27,14.07
2012-06-28,100.03
2012-06-29,64.88
2012-06-30,44.88
2012-07-01,37.83
2012-07-02,22.78
2012-07-03,77.28
2012-07-04,10.49
2012-07-05,129.22
2012-07-06,38.87
2012-07-07,47.85
2012-07-08,29.77
2012-07-09,34.96
2012-07-10,71.32
2012-07-11,34.84
2012-07-12,239.72
2012-07-13,86.8
2012-07-14,34.23
2012-07-15,96.04
2012-07-16,34.85
2012-07-17,26.12
2012-07-18,35.09
2012-07-19,38.75
2012-07-20,14.87
2012-07-21,83.85
2012-07-22,114.89
2012-07-23,121.73
2012-07-24,25.52
2012-07-25,48.62
2012-07-26,76.14
2012-07-27,14.62
2012-07-28,78.8
2012-07-29,67.11
2012-07-30,23.69
2012-07-31,8.98
2012-08-01,34.37
2012-08-02,34.21
2012-08-03,14.71
2012-08-04,102.93
2012-08-05,19.03
2012-08-06,33.31
2012-08-07,36.13
2012-08-08,27.63
2012-08-09,62.2
2012-08-10,7.33
2012-08-11,80.32
2012-08-12,9.54
2012-08-13,61.29
2012-08-14,64.5
2012-08-15,248.44
2012-08-16,5.81
2012-08-17,7.33
2012-08-18,47.1
2012-08-19,18.92
2012-08-20,48.45
2012-08-21,26.33
2012-08-22,6.85
2012-08-23,157.09
2012-08-24,21.65
2012-08-25,33.63
2012-08-26,18.84
2012-08-27,47.92
2012-08-28,8.93
2012-08-29,110.03
2012-08-30,39.27
2012-08-31,36.3
2012-09-01,20.96
2012-09-02,28.57
2012-09-03,144.63
2012-09-04,61.48
2012-09-05,109.59
2012-09-06,16.7
2012-09-07,21.09
2012-09-08,72.59
2012-09-09,46.04
2012-09-10,82.28
2012-09-11,102.02
2012-09-12,176.89
2012-09-13,180.93
2012-09-14,21.2
2012-09-15,100.51
2012-09-16,54.97
2012-09-17,59.05
2012-09-18,80.43
2012-09-19,53.81
2012-09-20,10.94
2012-09-21,14.01
2012-09-22,51.57
2012-09-23,82.98
2012-09-24,23.72
2012-09-25,52.28
2012-09-26,20.78
2012-09-27,22.04
2012-09-28,28.41
2012-09-29,72.2
2012-09-30,18.38
2012-10-01,128.63
2012-10-02,284.15
2012-10-03,40.66
2012-10-04,113.73
2012-10-05,7.01
2012-10-06,90.06
2012-10-07,18.12
2012-10-08,24.54
2012-10-09,60.34
2012-10-10,13.56
2012-10-11,5.38
2012-10-12,6.83
2012-10-13,31.23
2012-10-14,8.93
2012-10-15,47.24
2012-10-16,61.2
2012-10-17,46.38
2012-10-18,37.41
2012-10-19,19.7
2012-10-20,50.96
2012-10-21,17.56
2012-10-22,70.02
2012-10-23,43.85
2012-10-24,13.54
2012-10-25,21.83
2012-10-26,7.0
2012-10-27,51.94
2012-10-28,60.07
2012-10-29,178.68
2012-10-30,45.95
2012-10-31,21.05
2012-11-01,10.88
2012-11-02,34.91
2012-11-03,89.75
2012-11-04,81.16
2012-11-05,307.3
2012-11-06,295.77
2012-11-07,139.71
2012-11-08,22.21
2012-11-09,21.26
2012-11-10,62.21
2012-11-11,36.64
2012-11-12,48.27
2012-11-13,98.17
2012-11-14,81.04
2012-11-15,74.05
2012-11-16,6.91
2012-11-17,86.47
2012-11-18,34.71
2012-11-19,59.38
2012-11-20,8.87
2012-11-21,6.77
2012-11-22,15.96
2012-11-23,35.82
2012-11-24,122.21
2012-11-25,401.59
2012-11-26,153.98
2012-11-27,36.58
2012-11-28,77.08
2012-11-29,158.3
2012-11-30,22.01
2012-12-01,43.93
2012-12-02,28.02
2012-12-03,60.22
2012-12-04,9.13
2012-12-05,20.52
2012-12-06,11.34
2012-12-07,7.17
2012-12-08,56.7
2012-12-09,65.76
2012-12-10,12.12
2012-12-11,55.35
2012-12-12,34.73
2012-12-13,5.85
2012-12-14,22.47
2012-12-15,151.65
2012-12-16,28.58
2012-12-17,11.88
2012-12-18,9.44
2012-12-19,27.9
2012-12-20,73.43
2012-12-21,15.48
2012-12-22,86.75
2012-12-23,63.64
2012-12-24,72.18
2012-12-25,226.67
2012-12-26,46.81
2012-12-27,71.81
2012-12-28,68.49
2012-12-29,323.98
2012-12-30,160.42
2012-12-31,205.1
2013-01-01,191.99
2013-01-02,151.38
2013-01-03,78.61
2013-01-04,15.12
2013-01-05,117.13
2013-01-06,108.72
2013-01-07,49.07
2013-01-08,63.43
2013-01-09,35.12
2013-01-10,11.55
2013-01-11,7.46
2013-01-12,78.3
2013-01-13,19.0
2013-01-14,24.14
2013-01-15,44.85
2013-01-16,55.68
2013-01-17,5.68
2013-01-18,14.79
2013-01-19,32.92
2013-01-20,28.58
2013-01-21,50.56
2013-01-22,47.11
2013-01-23,20.77
2013-01-24,22.73
2013-01-25,14.13
2013-01-26,44.47
2013-01-27,56.31
2013-01-28,49.26
2013-01-29,61.48
2013-01-30,206.48
2013-01-31,50.56
2013-02-01,42.6
2013-02-02,65.16
2013-02-03,94.03
2013-02-04,36.76
2013-02-05,35.49
2013-02-06,33.71
2013-02-07,44.75
2013-02-08,14.04
2013-02-09,10.93
2013-02-10,46.02
2013-02-11,58.62
2013-02-12,8.72
2013-02-13,54.78
2013-02-14,34.5
2013-02-15,14.68
2013-02-16,11.11
2013-02-17,36.65
2013-02-18,111.43
2013-02-19,27.24
2013-02-20,13.58
2013-02-21,38.23
2013-02-22,7.2
2013-02-23,10.76
2013-02-24,18.07
2013-02-25,35.08
2013-02-26,43.21
2013-02-27,33.48
2013-02-28,39.44
2013-03-01,14.06
2013-03-02,90.46
2013-03-03,38.07
2013-03-04,45.62
2013-03-05,59.15
2013-03-06,123.54
2013-03-07,60.4
2013-03-08,64.71
2013-03-09,274.11
2013-03-10,65.84
2013-03-11,71.17
2013-03-12,60.33
2013-03-13,95.48
2013-03-14,133.07
2013-03-15,65.61
2013-03-16,33.7
2013-03-17,47.56
2013-03-18,81.84
2013-03-19,52.74
2013-03-20,62.21
2013-03-21,196.6
2013-03-22,36.54
2013-03-23,11.5
2013-03-24,29.2
2013-03-25,108.19
2013-03-26,45.61
2013-03-27,56.34
2013-03-28,34.81
2013-03-29,30.73
2013-03-30,24.16
2013-03-31,29.59
2013-04-01,74.55
2013-04-02,36.17
2013-04-03,7.03
2013-04-04,34.69
2013-04-05,37.13
2013-04-06,22.74
2013-04-07,19.08
2013-04-08,60.05
2013-04-09,45.24
2013-04-10,48.74
2013-04-11,11.16
2013-04-12,14.96
2013-04-13,11.66
2013-04-14,19.41
2013-04-15,36.49
2013-04-16,8.93
2013-04-17,28.44
2013-04-18,22.41
2013-04-19,7.55
2013-04-20,11.56
2013-04-21,48.06
2013-04-22,12.13
2013-04-23,8.89
2013-04-24,6.91
2013-04-25,5.57
2013-04-26,7.33
2013-04-27,11.22
2013-04-28,48.96
2013-04-29,12.24
2013-04-30,8.92
2013-05-01,6.95
2013-05-02,11.39
2013-05-03,29.62
2013-05-04,34.13
2013-05-05,19.36
2013-05-06,24.11
2013-05-07,8.77
2013-05-08,6.88
2013-05-09,6.08
2013-05-10,7.42
2013-05-11,91.47
2013-05-12,48.87
2013-05-13,49.45
2013-05-14,17.89
2013-05-15,13.85
2013-05-16,6.17
2013-05-17,7.29
2013-05-18,122.95
2013-05-19,48.6
2013-05-20,12.51
2013-05-21,17.85
2013-05-22,77.74
2013-05-23,99.59
2013-05-24,15.34
2013-05-25,11.97
2013-05-26,9.9
2013-05-27,17.61
2013-05-28,10.62
2013-05-29,7.34
2013-05-30,12.73
2013-05-31,15.26
2013-06-01,11.95
2013-06-02,30.35
2013-06-03,37.56
2013-06-04,18.69
2013-06-05,28.8
2013-06-06,12.73
2013-06-07,22.71
2013-06-08,36.35
2013-06-09,29.99
2013-06-10,12.58
2013-06-11,28.73
2013-06-12,58.8
2013-06-13,24.17
2013-06-14,24.42
2013-06-15,37.25
2013-06-16,62.32
2013-06-17,77.72
2013-06-18,56.49
2013-06-19,15.05
2013-06-20,18.46
2013-06-21,62.95
2013-06-22,12.56
2013-06-23,41.33
2013-06-24,12.99
2013-06-25,28.66
2013-06-26,7.56
2013-06-27,12.71
2013-06-28,49.53
2013-06-29,165.79
2013-06-30,53.44
2013-07-01,25.74
2013-07-02,19.67
2013-07-03,7.56
2013-07-04,37.14
2013-07-05,19.0
2013-07-06,40.73
2013-07-07,86.88
2013-07-08,26.84
2013-07-09,9.84
2013-07-10,7.75
2013-07-11,6.39
2013-07-12,8.21
2013-07-13,13.0
2013-07-14,21.25
2013-07-15,13.22
2013-07-16,49.54
2013-07-17,38.53
2013-07-18,6.47
2013-07-19,24.68
2013-07-20,12.89
2013-07-21,21.35
2013-07-22,53.38
2013-07-23,29.64
2013-07-24,15.7
2013-07-25,6.54
2013-07-26,8.39
2013-07-27,12.83
2013-07-28,31.64
2013-07-29,13.43
2013-07-30,50.02
2013-07-31,47.02
2013-08-01,25.69
2013-08-02,16.72
2013-08-03,12.86
2013-08-04,21.1
2013-08-05,26.3
2013-08-06,9.95
2013-08-07,7.76
2013-08-08,6.43
2013-08-09,75.47
2013-08-10,193.22
2013-08-11,63.76
2013-08-12,66.2
2013-08-13,49.39
2013-08-14,46.74
2013-08-15,25.64
2013-08-16,8.37
2013-08-17,12.71
2013-08-18,63.61
2013-08-19,13.28
2013-08-20,29.29
2013-08-21,84.15
2013-08-22,12.67
2013-08-23,8.05
2013-08-24,24.27
2013-08-25,59.29
2013-08-26,112.71
2013-08-27,47.12
2013-08-28,51.17
2013-08-29,49.74
2013-08-30,46.32
2013-08-31,122.62
2013-09-01,40.69
2013-09-02,54.19
2013-09-03,10.5
2013-09-04,21.92
2013-09-05,6.14
2013-09-06,7.63
2013-09-07,64.34
2013-09-08,9.64
2013-09-09,12.11
2013-09-10,92.75
2013-09-11,7.41
2013-09-12,6.04
2013-09-13,7.49
2013-09-14,21.79
2013-09-15,19.91
2013-09-16,98.41
2013-09-17,83.87
2013-09-18,29.54
2013-09-19,42.25
2013-09-20,53.63
2013-09-21,108.15
2013-09-22,78.14
2013-09-23,37.77
2013-09-24,9.31
2013-09-25,86.28
2013-09-26,24.39
2013-09-27,45.2
2013-09-28,10.85
2013-09-29,9.81
2013-09-30,72.64
2013-10-01,36.59
2013-10-02,43.64
2013-10-03,49.1
2013-10-04,95.4
2013-10-05,117.46
2013-10-06,88.94
2013-10-07,24.61
2013-10-08,120.96
2013-10-09,85.06
2013-10-10,112.86
2013-10-11,66.66
2013-10-12,54.32
2013-10-13,128.05
2013-10-14,63.16
2013-10-15,471.18
2013-10-16,307.52
2013-10-17,379.64
2013-10-18,68.22
2013-10-19,44.33
2013-10-20,105.17
2013-10-21,28.66
2013-10-22,55.3
2013-10-23,93.58
2013-10-24,41.55
2013-10-25,45.09
2013-10-26,33.06
2013-10-27,38.21
2013-10-28,48.46
2013-10-29,84.81
2013-10-30,7.11
2013-10-31,29.64
2013-11-01,7.45
2013-11-02,21.41
2013-11-03,28.91
2013-11-04,11.99
2013-11-05,27.73
2013-11-06,71.53
2013-11-07,6.16
2013-11-08,7.43
2013-11-09,43.85
2013-11-10,38.98
2013-11-11,38.24
2013-11-12,10.12
2013-11-13,14.67
2013-11-14,18.36
2013-11-15,62.31
2013-11-16,33.63
2013-11-17,29.51
2013-11-18,24.53
2013-11-19,9.48
2013-11-20,51.34
2013-11-21,31.21
2013-11-22,15.33
2013-11-23,11.72
2013-11-24,128.71
2013-11-25,137.88
2013-11-26,57.52
2013-11-27,43.55
2013-11-28,16.94
2013-11-29,38.45
2013-11-30,12.93
2013-12-01,31.3
2013-12-02,50.46
2013-12-03,9.68
2013-12-04,14.75
2013-12-05,19.39
2013-12-06,7.83
2013-12-07,12.04
2013-12-08,30.24
2013-12-09,25.4
2013-12-10,38.3
2013-12-11,22.25
2013-12-12,18.98
2013-12-13,132.81
2013-12-14,36.13
2013-12-15,20.31
2013-12-16,66.2
2013-12-17,38.51
2013-12-18,60.36
2013-12-19,199.77
2013-12-20,40.21
2013-12-21,24.17
2013-12-22,41.62
2013-12-23,13.16
2013-12-24,11.12
2013-12-25,29.18
2013-12-26,17.41
2013-12-27,37.37
2013-12-28,13.2
2013-12-29,43.95
2013-12-30,53.27
2013-12-31,85.34
2014-01-01,164.06
2014-01-02,32.8
2014-01-03,52.4
2014-01-04,12.78
2014-01-05,137.37
2014-01-06,66.26
2014-01-07,19.72
2014-01-08,83.06
2014-01-09,6.33
2014-01-10,7.76
2014-01-11,11.08
2014-01-12,60.27
2014-01-13,23.87
2014-01-14,8.81
2014-01-15,7.11
2014-01-16,12.5
2014-01-17,15.19
2014-01-18,21.44
2014-01-19,19.12
2014-01-20,12.41
2014-01-21,9.44
2014-01-22,167.6
2014-01-23,85.32
2014-01-24,7.61
2014-01-25,43.54
2014-01-26,28.66
2014-01-27,34.9
2014-01-28,87.24
2014-01-29,43.25
2014-01-30,11.91
2014-01-31,28.96
2014-02-01,10.62
2014-02-02,46.39
2014-02-03,101.47
2014-02-04,17.13
2014-02-05,67.52
2014-02-06,57.62
2014-02-07,7.22
2014-02-08,10.71
2014-02-09,28.93
2014-02-10,23.15
2014-02-11,84.44
2014-02-12,41.26
2014-02-13,24.97
2014-02-14,13.39
2014-02-15,10.28
2014-02-16,9.08
2014-02-17,11.97
2014-02-18,9.28
2014-02-19,28.9
2014-02-20,12.36
2014-02-21,7.61
2014-02-22,22.85
2014-02-23,19.67
2014-02-24,49.14
2014-02-25,9.09
2014-02-26,7.24
2014-02-27,6.14
2014-02-28,7.48
2014-03-01,22.09
2014-03-02,9.31
2014-03-03,36.08
2014-03-04,54.86
2014-03-05,93.71
2014-03-06,90.05
2014-03-07,88.85
2014-03-08,54.68
2014-03-09,56.17
2014-03-10,24.23
2014-03-11,17.47
2014-03-12,21.13
2014-03-13,17.89
2014-03-14,7.46
2014-03-15,55.38
2014-03-16,9.33
2014-03-17,11.87
2014-03-18,8.89
2014-03-19,14.24
2014-03-20,36.26
2014-03-21,38.89
2014-03-22,72.96
2014-03-23,18.65
2014-03-24,12.12
2014-03-25,9.01
2014-03-26,7.17
2014-03-27,6.05
2014-03-28,52.86
2014-03-29,11.19
2014-03-30,9.33
2014-03-31,23.53
2014-04-01,79.94
2014-04-02,7.01
2014-04-03,6.1
2014-04-04,7.42
2014-04-05,11.03
2014-04-06,9.26
2014-04-07,28.66
2014-04-08,28.66
2014-04-09,6.98
2014-04-10,5.83
2014-04-11,7.25
2014-04-12,10.89
2014-04-13,28.6
2014-04-14,11.68
2014-04-15,8.75
2014-04-16,7.18
2014-04-17,17.88
2014-04-18,7.53
2014-04-19,11.21
2014-04-20,18.95
2014-04-21,12.38
2014-04-22,8.9
2014-04-23,6.96
2014-04-24,5.84
2014-04-25,7.35
2014-04-26,11.05
2014-04-27,9.29
2014-04-28,23.58
2014-04-29,35.13
2014-04-30,14.01
2014-05-01,5.91
2014-05-02,71.99
2014-05-03,10.91
2014-05-04,18.97
2014-05-05,11.99
2014-05-06,77.14
2014-05-07,6.92
2014-05-08,5.98
2014-05-09,14.49
2014-05-10,10.7
2014-05-11,8.85
2014-05-12,11.94
2014-05-13,8.87
2014-05-14,7.11
2014-05-15,12.14
2014-05-16,8.72
2014-05-17,107.44
2014-05-18,27.71
2014-05-19,11.74
2014-05-20,8.67
2014-05-21,6.98
2014-05-22,11.71
2014-05-23,14.98
2014-05-24,11.29
2014-05-25,9.52
2014-05-26,17.19
2014-05-27,10.08
2014-05-28,21.91
2014-05-29,12.28
2014-05-30,45.38
2014-05-31,23.26
2014-06-01,9.79
2014-06-02,12.17
2014-06-03,8.83
2014-06-04,7.13
2014-06-05,6.19
2014-06-06,22.93
2014-06-07,11.61
2014-06-08,9.57
2014-06-09,12.47
2014-06-10,9.13
2014-06-11,7.28
2014-06-12,6.15
2014-06-13,15.46
2014-06-14,11.58
2014-06-15,9.75
2014-06-16,12.16
2014-06-17,9.04
2014-06-18,14.72
2014-06-19,68.83
2014-06-20,15.59
2014-06-21,46.33
2014-06-22,39.7
2014-06-23,12.55
2014-06-24,18.66
2014-06-25,7.72
2014-06-26,6.68
2014-06-27,8.24
2014-06-28,12.08
2014-06-29,21.36
2014-06-30,13.15
2014-07-01,10.28
2014-07-02,8.43
2014-07-03,34.65
2014-07-04,11.47
2014-07-05,14.88
2014-07-06,79.07
2014-07-07,13.43
2014-07-08,9.58
2014-07-09,7.79
2014-07-10,6.68
2014-07-11,41.16
2014-07-12,13.13
2014-07-13,21.43
2014-07-14,37.73
2014-07-15,9.74
2014-07-16,15.69
2014-07-17,6.37
2014-07-18,32.77
2014-07-19,115.38
2014-07-20,10.5
2014-07-21,12.58
2014-07-22,9.32
2014-07-23,7.68
2014-07-24,6.42
2014-07-25,8.21
2014-07-26,74.69
2014-07-27,51.76
2014-07-28,12.99
2014-07-29,19.49
2014-07-30,7.88
2014-07-31,32.83
2014-08-01,16.36
2014-08-02,88.61
2014-08-03,62.77
2014-08-04,25.63
2014-08-05,9.58
2014-08-06,7.75
2014-08-07,7.28
2014-08-08,14.68
2014-08-09,13.06
2014-08-10,10.54
2014-08-11,13.07
2014-08-12,9.61
2014-08-13,7.88
2014-08-14,6.35
2014-08-15,8.07
2014-08-16,24.94
2014-08-17,10.37
2014-08-18,12.82
2014-08-19,9.54
2014-08-20,7.78
2014-08-21,6.4
2014-08-22,7.8
2014-08-23,109.03
2014-08-24,29.27
2014-08-25,26.1
2014-08-26,9.46
2014-08-27,7.53
2014-08-28,6.47
2014-08-29,62.76
2014-08-30,11.78
2014-08-31,10.34
2014-09-01,17.75
2014-09-02,10.42
2014-09-03,7.7
2014-09-04,6.47
2014-09-05,7.79
2014-09-06,11.23
2014-09-07,29.71
2014-09-08,12.31
2014-09-09,9.02
2014-09-10,7.25
2014-09-11,12.54
2014-09-12,7.64
2014-09-13,10.97
2014-09-14,9.76
2014-09-15,12.35
2014-09-16,9.04
2014-09-17,28.42
2014-09-18,6.25
2014-09-19,15.03
2014-09-20,98.08
2014-09-21,19.25
2014-09-22,12.05
2014-09-23,79.78
2014-09-24,60.04
2014-09-25,6.23
2014-09-26,7.56
2014-09-27,10.71
2014-09-28,9.85
2014-09-29,12.1
2014-09-30,44.64
2014-10-01,21.84
2014-10-02,19.45
2014-10-03,7.53
2014-10-04,10.98
2014-10-05,9.62
2014-10-06,11.88
2014-10-07,54.57
2014-10-08,7.23
2014-10-09,25.72
2014-10-10,113.77
2014-10-11,32.98
2014-10-12,29.31
2014-10-13,24.56
2014-10-14,9.09
2014-10-15,14.47
2014-10-16,45.37
2014-10-17,83.92
2014-10-18,21.84
2014-10-19,9.69
2014-10-20,11.96
2014-10-21,26.71
2014-10-22,28.07
2014-10-23,6.6
2014-10-24,15.19
2014-10-25,21.61
2014-10-26,27.06
2014-10-27,33.76
2014-10-28,9.0
2014-10-29,21.58
2014-10-30,24.41
2014-10-31,7.5
2014-11-01,10.87
2014-11-02,9.64
2014-11-03,24.16
2014-11-04,9.03
2014-11-05,7.01
2014-11-06,6.2
2014-11-07,7.84
2014-11-08,11.49
2014-11-09,19.7
2014-11-10,11.99
2014-11-11,19.17
2014-11-12,7.68
2014-11-13,12.34
2014-11-14,15.58
2014-11-15,11.45
2014-11-16,29.8
2014-11-17,11.98
2014-11-18,9.24
2014-11-19,7.49
2014-11-20,6.34
2014-11-21,8.0
2014-11-22,11.58
2014-11-23,9.92
2014-11-24,36.39
2014-11-25,18.63
2014-11-26,7.82
2014-11-27,17.74
2014-11-28,9.85
2014-11-29,13.1
2014-11-30,10.73
2014-12-01,12.07
2014-12-02,9.35
2014-12-03,7.59
2014-12-04,12.95
2014-12-05,15.79
2014-12-06,11.85
2014-12-07,20.12
2014-12-08,24.09
2014-12-09,8.98
2014-12-10,14.79
2014-12-11,6.44
2014-12-12,31.89
2014-12-13,11.86
2014-12-14,51.64
2014-12-15,12.13
2014-12-16,9.14
2014-12-17,45.86
2014-12-18,85.59
2014-12-19,15.75
2014-12-20,12.23
2014-12-21,10.61
2014-12-22,12.53
2014-12-23,9.82
2014-12-24,17.29
2014-12-25,11.4
2014-12-26,10.8
2014-12-27,13.85
2014-12-28,32.98
2014-12-29,12.87
2014-12-30,30.1
2014-12-31,101.77
2015-01-01,54.58
2015-01-02,20.38
2015-01-03,65.17
2015-01-04,64.23
2015-01-05,12.53
2015-01-06,9.34
2015-01-07,14.97
2015-01-08,26.03
2015-01-09,7.76
2015-01-10,11.87
2015-01-11,19.88
2015-01-12,11.86
2015-01-13,8.98
2015-01-14,7.2
2015-01-15,12.79
2015-01-16,15.58
2015-01-17,22.76
2015-01-18,28.66
2015-01-19,25.12
2015-01-20,18.38
2015-01-21,57.01
2015-01-22,30.68
2015-01-23,15.4
2015-01-24,34.23
2015-01-25,19.69
2015-01-26,11.86
2015-01-27,45.21
2015-01-28,14.93
2015-01-29,6.4
2015-01-30,115.71
2015-01-31,67.26
2015-02-01,9.71
2015-02-02,12.27
2015-02-03,9.06
2015-02-04,7.33
2015-02-05,12.86
2015-02-06,23.26
2015-02-07,22.89
2015-02-08,29.83
2015-02-09,48.3
2015-02-10,73.17
2015-02-11,58.88
2015-02-12,6.43
2015-02-13,7.96
2015-02-14,22.8
2015-02-15,19.75
2015-02-16,12.26
2015-02-17,9.48
2015-02-18,7.48
2015-02-19,124.64
2015-02-20,7.77
2015-02-21,11.08
2015-02-22,9.52
2015-02-23,11.66
2015-02-24,9.05
2015-02-25,7.2
2015-02-26,6.43
2015-02-27,7.7
2015-02-28,11.29
2015-03-01,9.64
2015-03-02,11.78
2015-03-03,8.99
2015-03-04,7.38
2015-03-05,6.47
2015-03-06,7.73
2015-03-07,11.21
2015-03-08,9.75
2015-03-09,47.28
2015-03-10,8.94
2015-03-11,7.28
2015-03-12,6.36
2015-03-13,7.62
2015-03-14,11.33
2015-03-15,9.6
2015-03-16,11.81
2015-03-17,8.96
2015-03-18,29.26
2015-03-19,19.73
2015-03-20,31.01
2015-03-21,11.59
2015-03-22,48.66
2015-03-23,47.18
2015-03-24,26.92
2015-03-25,14.45
2015-03-26,6.42
2015-03-27,7.54
2015-03-28,88.69
2015-03-29,18.47
2015-03-30,11.96
2015-03-31,9.11
2015-04-01,7.3
2015-04-02,45.55
2015-04-03,39.48
2015-04-04,179.95
2015-04-05,96.8
2015-04-06,49.33
2015-04-07,35.17
2015-04-08,7.23
2015-04-09,6.3
2015-04-10,7.73
2015-04-11,22.34
2015-04-12,28.73
2015-04-13,22.61
2015-04-14,26.3
2015-04-15,14.27
2015-04-16,6.23
2015-04-17,7.64
2015-04-18,22.7
2015-04-19,19.03
2015-04-20,11.31
2015-04-21,8.73
2015-04-22,6.93
2015-04-23,6.29
2015-04-24,7.49
2015-04-25,45.57
2015-04-26,9.72
2015-04-27,11.46
2015-04-28,8.84
2015-04-29,7.28
2015-04-30,19.44
2015-05-01,7.59
2015-05-02,11.36
2015-05-03,38.67
2015-05-04,11.82
2015-05-05,17.85
2015-05-06,14.72
2015-05-07,32.47
2015-05-08,7.88
2015-05-09,70.05
2015-05-10,20.24
2015-05-11,12.2
2015-05-12,9.11
2015-05-13,7.29
2015-05-14,6.48
2015-05-15,7.8
2015-05-16,11.87
2015-05-17,9.84
2015-05-18,12.23
2015-05-19,9.19
2015-05-20,7.36
2015-05-21,13.34
2015-05-22,31.49
2015-05-23,47.47
2015-05-24,10.37
2015-05-25,18.27
2015-05-26,31.73
2015-05-27,7.65
2015-05-28,6.6
2015-05-29,8.0
2015-05-30,11.77
2015-05-31,10.27
2015-06-01,12.5
2015-06-02,9.33
2015-06-03,7.63
2015-06-04,19.77
2015-06-05,81.73
2015-06-06,11.86
2015-06-07,100.92
2015-06-08,12.76
2015-06-09,9.55
2015-06-10,7.65
2015-06-11,7.17
2015-06-12,24.68
2015-06-13,12.41
2015-06-14,10.23
2015-06-15,12.53
2015-06-16,9.63
2015-06-17,7.83
2015-06-18,6.89
2015-06-19,8.38
2015-06-20,12.63
2015-06-21,10.49
2015-06-22,38.87
2015-06-23,48.32
2015-06-24,8.03
2015-06-25,6.98
2015-06-26,16.77
2015-06-27,12.73
2015-06-28,10.76
2015-06-29,12.88
2015-06-30,60.07
2015-07-01,32.88
2015-07-02,7.32
2015-07-03,9.85
2015-07-04,16.51
2015-07-05,11.44
2015-07-06,41.48
2015-07-07,40.91
2015-07-08,122.87
2015-07-09,36.82
2015-07-10,34.35
2015-07-11,135.01
2015-07-12,108.11
2015-07-13,26.25
2015-07-14,39.73
2015-07-15,16.3
2015-07-16,7.27
2015-07-17,17.09
2015-07-18,13.49
2015-07-19,43.17
2015-07-20,27.18
2015-07-21,19.86
2015-07-22,24.43
2015-07-23,7.38
2015-07-24,8.77
2015-07-25,13.22
2015-07-26,10.51
2015-07-27,26.65
2015-07-28,9.99
2015-07-29,16.66
2015-07-30,7.22
2015-07-31,17.11
2015-08-01,13.05
2015-08-02,10.98
2015-08-03,12.87
2015-08-04,200.88
2015-08-05,16.41
2015-08-06,6.99
2015-08-07,8.72
2015-08-08,13.07
2015-08-09,10.86
2015-08-10,13.58
2015-08-11,10.14
2015-08-12,8.33
2015-08-13,43.12
2015-08-14,8.58
2015-08-15,13.33
2015-08-16,44.43
2015-08-17,13.81
2015-08-18,9.97
2015-08-19,7.85
2015-08-20,6.75
2015-08-21,219.0
2015-08-22,114.1
2015-08-23,63.15
2015-08-24,374.86
2015-08-25,716.48
2015-08-26,245.51
2015-08-27,60.31
2015-08-28,154.88
2015-08-29,228.0
2015-08-30,267.08
2015-08-31,74.79
2015-09-01,102.98
2015-09-02,69.27
2015-09-03,59.14
2015-09-04,169.87
2015-09-05,287.77
2015-09-06,124.7
2015-09-07,92.36
2015-09-08,74.75
2015-09-09,106.98
2015-09-10,65.2
2015-09-11,101.94
2015-09-12,113.35
2015-09-13,141.81
2015-09-14,77.41
2015-09-15,10.6
2015-09-16,32.21
2015-09-17,83.16
2015-09-18,70.88
2015-09-19,11.47
2015-09-20,90.83
2015-09-21,63.55
2015-09-22,47.97
2015-09-23,77.41
2015-09-24,44.77
2015-09-25,23.28
2015-09-26,76.9
2015-09-27,58.99
2015-09-28,60.79
2015-09-29,67.08
2015-09-30,45.36
2015-10-01,56.24
2015-10-02,46.42
2015-10-03,66.31
2015-10-04,129.85
2015-10-05,25.21
2015-10-06,37.58
2015-10-07,30.36
2015-10-08,18.86
2015-10-09,15.94
2015-10-10,56.11
2015-10-11,81.63
2015-10-12,13.47
2015-10-13,28.98
2015-10-14,62.33
2015-10-15,20.07
2015-10-16,23.73
2015-10-17,58.78
2015-10-18,61.43
2015-10-19,37.17
2015-10-20,9.15
2015-10-21,15.11
2015-10-22,26.36
2015-10-23,71.71
2015-10-24,135.17
2015-10-25,38.89
2015-10-26,12.32
2015-10-27,9.32
2015-10-28,45.35
2015-10-29,6.77
2015-10-30,23.27
2015-10-31,10.98
2015-11-01,19.6
2015-11-02,49.3
2015-11-03,18.19
2015-11-04,44.54
2015-11-05,6.68
2015-11-06,7.95
2015-11-07,11.26
2015-11-08,9.8
2015-11-09,12.24
2015-11-10,9.67
2015-11-11,15.72
2015-11-12,6.74
2015-11-13,8.03
2015-11-14,11.84
2015-11-15,41.59
2015-11-16,37.99
2015-11-17,18.52
2015-11-18,7.81
2015-11-19,6.69
2015-11-20,64.03
2015-11-21,11.38
2015-11-22,57.55
2015-11-23,12.18
2015-11-24,9.45
2015-11-25,7.66
2015-11-26,9.31
2015-11-27,9.88
2015-11-28,12.89
2015-11-29,10.63
2015-11-30,12.52
2015-12-01,9.75
2015-12-02,7.81
2015-12-03,13.55
2015-12-04,8.26
2015-12-05,23.46
2015-12-06,20.51
2015-12-07,12.14
2015-12-08,9.62
2015-12-09,15.81
2015-12-10,6.75
2015-12-11,25.66
2015-12-12,12.46
2015-12-13,32.21
2015-12-14,27.1
2015-12-15,78.01
2015-12-16,58.09
2015-12-17,56.91
2015-12-18,26.2
2015-12-19,25.56
2015-12-20,67.6
2015-12-21,13.84
2015-12-22,42.63
2015-12-23,8.98
2015-12-24,8.52
2015-12-25,15.33
2015-12-26,16.94
2015-12-27,47.61
2015-12-28,44.06
2015-12-29,55.4
2015-12-30,36.48
2015-12-31,57.65
2016-01-01,80.76
2016-01-02,31.17
2016-01-03,80.79
2016-01-04,26.7
2016-01-05,9.88
2016-01-06,7.95
2016-01-07,21.06
2016-01-08,127.99
2016-01-09,24.23
2016-01-10,123.84
2016-01-11,52.37
2016-01-12,19.54
2016-01-13,47.15
2016-01-14,27.24
2016-01-15,108.08
2016-01-16,235.27
2016-01-17,62.48
2016-01-18,42.69
2016-01-19,101.49
2016-01-20,55.18
2016-01-21,203.34
2016-01-22,75.38
2016-01-23,261.03
2016-01-24,105.33
2016-01-25,65.26
2016-01-26,38.49
2016-01-27,84.7
2016-01-28,21.11
2016-01-29,32.9
2016-01-30,36.17
2016-01-31,131.25
2016-02-01,86.83
2016-02-02,56.56
2016-02-03,51.91
2016-02-04,6.43
2016-02-05,16.06
2016-02-06,23.54
2016-02-07,100.43
2016-02-08,39.74
2016-02-09,9.7
2016-02-10,84.21
2016-02-11,93.13
2016-02-12,64.11
2016-02-13,74.07
2016-02-14,70.5
2016-02-15,55.0
2016-02-16,29.76
2016-02-17,76.65
2016-02-18,77.94
2016-02-19,31.41
2016-02-20,35.29
2016-02-21,78.43
2016-02-22,24.45
2016-02-23,37.63
2016-02-24,22.29
2016-02-25,6.56
2016-02-26,39.26
2016-02-27,11.86
2016-02-28,128.56
2016-02-29,76.71
2016-03-01,28.79
2016-03-02,43.73
2016-03-03,20.41
2016-03-04,36.81
2016-03-05,108.79
2016-03-06,69.5
2016-03-07,9.84
2016-03-08,7.53
2016-03-09,11.21
2016-03-10,5.29
2016-03-11,6.4
2016-03-12,63.47
2016-03-13,18.33
2016-03-14,10.13
2016-03-15,7.49
2016-03-16,11.11
2016-03-17,5.01
2016-03-18,12.79
2016-03-19,10.78
2016-03-20,17.63
2016-03-21,41.02
2016-03-22,60.98
2016-03-23,5.5
2016-03-24,10.13
2016-03-25,6.37
2016-03-26,32.22
2016-03-27,43.85
2016-03-28,19.85
2016-03-29,43.99
2016-03-30,133.45
2016-03-31,10.06
2016-04-01,6.15
2016-04-02,42.74
2016-04-03,35.03
2016-04-04,74.26
2016-04-05,13.5
2016-04-06,5.28
2016-04-07,18.96
2016-04-08,12.22
2016-04-09,10.4
2016-04-10,26.11
2016-04-11,9.15
2016-04-12,13.92
2016-04-13,15.65
2016-04-14,14.06
2016-04-15,5.96
2016-04-16,10.34
2016-04-17,17.59
2016-04-18,17.43
2016-04-19,6.78
2016-04-20,10.84
2016-04-21,14.99
2016-04-22,30.71
2016-04-23,20.28
2016-04-24,16.86
2016-04-25,9.82
2016-04-26,21.62
2016-04-27,52.97
2016-04-28,4.84
2016-04-29,11.53
2016-04-30,9.85
2016-05-01,17.02
2016-05-02,45.45
2016-05-03,14.02
2016-05-04,21.05
2016-05-05,4.97
2016-05-06,6.32
2016-05-07,30.65
2016-05-08,25.19
2016-05-09,8.71
2016-05-10,6.89
2016-05-11,10.58
2016-05-12,14.3
2016-05-13,6.04
2016-05-14,10.19
2016-05-15,17.33
2016-05-16,33.44
2016-05-17,13.55
2016-05-18,5.26
2016-05-19,4.8
2016-05-20,6.19
2016-05-21,71.69
2016-05-22,26.18
2016-05-23,60.32
2016-05-24,7.54
2016-05-25,5.64
2016-05-26,5.05
2016-05-27,6.31
2016-05-28,10.77
2016-05-29,53.4
2016-05-30,15.69
2016-05-31,42.17
2016-06-01,23.1
2016-06-02,5.07
2016-06-03,13.06
2016-06-04,11.06
2016-06-05,126.84
2016-06-06,56.61
2016-06-07,87.61
2016-06-08,23.21
2016-06-09,5.22
2016-06-10,13.26
2016-06-11,44.36
2016-06-12,53.86
2016-06-13,21.08
2016-06-14,36.62
2016-06-15,35.77
2016-06-16,51.13
2016-06-17,34.53
2016-06-18,11.39
2016-06-19,8.97
2016-06-20,82.94
2016-06-21,23.06
2016-06-22,75.9
2016-06-23,92.52
2016-06-24,547.55
2016-06-25,1079.03
2016-06-26,351.52
2016-06-27,250.34
2016-06-28,481.4
2016-06-29,189.42
2016-06-30,126.12
2016-07-01,149.16
2016-07-02,92.47
